CVE,CWE,URL
CVE-2022-38778,CWE-400,https://security.snyk.io/vuln/SNYK-JS-KIBANA-3317450
CVE-2023-2686,CWE-120,https://security.snyk.io/vuln/SNYK-UNMANAGED-SILICONLABSGECKOSDK-5710975
CVE-2023-34242,CWE-200,https://security.snyk.io/vuln/SNYK-GOLANG-GITHUBCOMCILIUMCILIUMOPERATORPKGGATEWAYAPI-5710974
CVE-2023-2747,CWE-908,https://security.snyk.io/vuln/SNYK-UNMANAGED-SILICONLABSGECKOSDK-5710973
CVE-2023-3291,CWE-122,https://security.snyk.io/vuln/SNYK-UNMANAGED-GPACGPAC-5710972
CVE-2023-34101,CWE-125,https://security.snyk.io/vuln/SNYK-UNMANAGED-CONTIKIOSCONTIKI-5710971
CVE-2023-34833,CWE-434,https://security.snyk.io/vuln/SNYK-PHP-ZOUJINGLITHINKADMIN-5710970
CVE-2023-34867,CWE-400,https://security.snyk.io/vuln/SNYK-UNMANAGED-JERRYSCRIPTPROJECTJERRYSCRIPT-5710969
CVE-2023-34868,CWE-400,https://security.snyk.io/vuln/SNYK-UNMANAGED-JERRYSCRIPTPROJECTJERRYSCRIPT-5710968
CVE-2023-20867,CWE-287,https://security.snyk.io/vuln/SNYK-UNMANAGED-VMWAREOPENVMTOOLS-5710967
CVE-2023-34095,CWE-120,https://security.snyk.io/vuln/SNYK-UNMANAGED-OPENPRINTINGCPDBLIBS-5710966
CVE-2023-34823,CWE-122,https://security.snyk.io/vuln/SNYK-UNMANAGED-NU774FDKAAC-5710965
CVE-2023-3040,CWE-125,https://security.snyk.io/vuln/SNYK-UNMANAGED-CLOUDFLARELUARESTYJSON-5710964
CVE-2023-2431,CWE-284,https://security.snyk.io/vuln/SNYK-GOLANG-GITHUBCOMKUBERNETESKUBERNETESPKGKUBELETKUBERUNTIME-5710962
CVE-2023-34454,CWE-190,https://security.snyk.io/vuln/SNYK-JAVA-ORGXERIALSNAPPY-5710961
CVE-2023-34455,CWE-400,https://security.snyk.io/vuln/SNYK-JAVA-ORGXERIALSNAPPY-5710960
CVE-2023-34453,CWE-190,https://security.snyk.io/vuln/SNYK-JAVA-ORGXERIALSNAPPY-5710959
CVE-2023-25434,CWE-120,https://security.snyk.io/vuln/SNYK-UNMANAGED-LIBTIFF-5710628
CVE-2023-26965,CWE-416,https://security.snyk.io/vuln/SNYK-UNMANAGED-LIBTIFF-5710627
CVE-2023-35147,N/A,https://security.snyk.io/vuln/SNYK-JAVA-ORGJENKINSCIPLUGINS-5710625
CVE-2023-35146,N/A,https://security.snyk.io/vuln/SNYK-JAVA-ORGJENKINSPLUGINTEMPLATEWORKFLOWS-5710621
CVE-2023-35145,N/A,https://security.snyk.io/vuln/SNYK-JAVA-ORGJENKINSCIPLUGINS-5710558
CVE-2023-32262,CWE-284,https://security.snyk.io/vuln/SNYK-JAVA-ORGJENKINSCIPLUGINS-5710557
CVE-2023-32261,CWE-284,https://security.snyk.io/vuln/SNYK-JAVA-ORGJENKINSCIPLUGINS-5710555
CVE-2023-35148,CWE-352,https://security.snyk.io/vuln/SNYK-JAVA-ORGJENKINSCIPLUGINS-5710453
CVE-2023-34611,CWE-400,https://security.snyk.io/vuln/SNYK-JAVA-ORGSHAREGOV-5710393
CVE-2023-34448,N/A,https://security.snyk.io/vuln/SNYK-PHP-GETGRAVGRAV-5710392
CVE-2023-34448,N/A,https://security.snyk.io/vuln/SNYK-PHP-GETGRAVGRAV-5710391
CVE-2023-34252,CWE-184,https://security.snyk.io/vuln/SNYK-PHP-GETGRAVGRAV-5710385
CVE-2023-2727,CWE-284,https://security.snyk.io/vuln/SNYK-GOLANG-GITHUBCOMKUBERNETESKUBERNETESPLUGINPKGADMISSIONIMAGEPOLICY-5710383
CVE-2023-34251,N/A,https://security.snyk.io/vuln/SNYK-PHP-GETGRAVGRAV-5710382
CVE-2023-34253,CWE-184,https://security.snyk.io/vuln/SNYK-PHP-GETGRAVGRAV-5710381
CVE-2023-2728,CWE-284,https://security.snyk.io/vuln/SNYK-GOLANG-GITHUBCOMKUBERNETESKUBERNETESPLUGINPKGADMISSIONSERVICEACCOUNT-5710378
CVE-2023-34452,N/A,https://security.snyk.io/vuln/SNYK-PHP-GETGRAVGRAV-5710376
CVE-2023-34617,CWE-400,https://security.snyk.io/vuln/SNYK-JAVA-COMOWLIKE-5710375
CVE-2023-34620,CWE-400,https://security.snyk.io/vuln/SNYK-JAVA-ORGHJSON-5710374
CVE-2023-34449,CWE-253,https://security.snyk.io/vuln/SNYK-RUST-INK-5710373
CVE-2023-34449,CWE-253,https://security.snyk.io/vuln/SNYK-RUST-INKENV-5710372
CVE-2023-34616,CWE-400,https://security.snyk.io/vuln/SNYK-JAVA-COMPROGSBASELIBRARIES-5710371
CVE-2023-34614,CWE-400,https://security.snyk.io/vuln/SNYK-JAVA-CCPLURAL-5710370
N/A,N/A,https://security.snyk.io/vuln/SNYK-PHP-STUDIO42ELFINDER-5710369
CVE-2023-34615,CWE-400,https://security.snyk.io/vuln/SNYK-JAVA-NETPWALLJSON-5710368
CVE-2023-34610,CWE-400,https://security.snyk.io/vuln/SNYK-JAVA-COMCEDARSOFTWARE-5710367
CVE-2023-34612,CWE-400,https://security.snyk.io/vuln/SNYK-JAVA-COMHELGERCOMMONS-5710366
N/A,CWE-208,https://security.snyk.io/vuln/SNYK-GOLANG-GITHUBCOMLESTRRATGOJWXJWE-5710360
N/A,CWE-208,https://security.snyk.io/vuln/SNYK-GOLANG-GITHUBCOMLESTRRATGOJWXV2-5710363
N/A,CWE-208,https://security.snyk.io/vuln/SNYK-GOLANG-GITHUBCOMLESTRRATGOJWXJWE-5710361
N/A,CWE-208,https://security.snyk.io/vuln/SNYK-GOLANG-GITHUBCOMLESTRRATGOJWXV2-5710362
CVE-2023-35110,CWE-400,https://security.snyk.io/vuln/SNYK-JAVA-DEGROBMEIERJSON-5710359
CVE-2023-34613,CWE-400,https://security.snyk.io/vuln/SNYK-JAVA-NETSFSOJO-5710358
CVE-2023-34624,CWE-121,https://security.snyk.io/vuln/SNYK-JAVA-NETSOURCEFORGEHTMLCLEANER-5710357
CVE-2023-35141,CWE-352,https://security.snyk.io/vuln/SNYK-JAVA-ORGJENKINSCIMAIN-5710355
CVE-2023-3215,CWE-416,https://security.snyk.io/vuln/SNYK-UNMANAGED-CHROMIUM-5709684
CVE-2023-3214,CWE-416,https://security.snyk.io/vuln/SNYK-UNMANAGED-CHROMIUM-5709683
CVE-2023-3217,CWE-416,https://security.snyk.io/vuln/SNYK-UNMANAGED-CHROMIUM-5709682
CVE-2023-30179,CWE-918,https://security.snyk.io/vuln/SNYK-PHP-CRAFTCMSCMS-5709681
CVE-2023-34247,CWE-601,https://security.snyk.io/vuln/SNYK-JS-KEYSTONE6AUTH-5709572
CVE-2023-29337,N/A,https://security.snyk.io/vuln/SNYK-DOTNET-MICROSOFTBUILDNUGETSDKRESOLVER-5709249
CVE-2023-29337,N/A,https://security.snyk.io/vuln/SNYK-DOTNET-NUGETPACKAGEMANAGEMENT-5709253
CVE-2023-29337,N/A,https://security.snyk.io/vuln/SNYK-DOTNET-NUGETCOMMON-5709252
CVE-2023-29337,N/A,https://security.snyk.io/vuln/SNYK-DOTNET-NUGETCOMMANDS-5709251
CVE-2023-29337,N/A,https://security.snyk.io/vuln/SNYK-DOTNET-NUGETCOMMANDLINE-5709250
CVE-2023-29337,N/A,https://security.snyk.io/vuln/SNYK-DOTNET-NUGETPROTOCOL-5709254
CVE-2023-24897,N/A,https://security.snyk.io/vuln/SNYK-DOTNET-MICROSOFTNETCOREAPPRUNTIMEWINX86-5708734
CVE-2023-24897,N/A,https://security.snyk.io/vuln/SNYK-DOTNET-MICROSOFTNETCOREAPPRUNTIMEWINARM-5708731
CVE-2023-24897,N/A,https://security.snyk.io/vuln/SNYK-DOTNET-MICROSOFTNETCOREAPPRUNTIMEWINARM64-5708732
CVE-2023-24897,N/A,https://security.snyk.io/vuln/SNYK-DOTNET-MICROSOFTNETCOREAPPRUNTIMEWINX64-5708733
CVE-2023-29331,CWE-400,https://security.snyk.io/vuln/SNYK-DOTNET-SYSTEMSECURITYCRYPTOGRAPHYPKCS-5708426
CVE-2023-29331,CWE-400,https://security.snyk.io/vuln/SNYK-DOTNET-MICROSOFTNETCOREAPPRUNTIMEWINX86-5708438
CVE-2023-29331,CWE-400,https://security.snyk.io/vuln/SNYK-DOTNET-MICROSOFTNETCOREAPPRUNTIMEWINARM-5708435
CVE-2023-29331,CWE-400,https://security.snyk.io/vuln/SNYK-DOTNET-MICROSOFTNETCOREAPPRUNTIMEWINARM64-5708436
CVE-2023-29331,CWE-400,https://security.snyk.io/vuln/SNYK-DOTNET-MICROSOFTNETCOREAPPRUNTIMEOSXARM64-5708433
CVE-2023-29331,CWE-400,https://security.snyk.io/vuln/SNYK-DOTNET-MICROSOFTNETCOREAPPRUNTIMELINUXX64-5708432
CVE-2023-29331,CWE-400,https://security.snyk.io/vuln/SNYK-DOTNET-MICROSOFTNETCOREAPPRUNTIMELINUXMUSLX64-5708431
CVE-2023-29331,CWE-400,https://security.snyk.io/vuln/SNYK-DOTNET-MICROSOFTNETCOREAPPRUNTIMELINUXMUSLARM64-5708430
CVE-2023-29331,CWE-400,https://security.snyk.io/vuln/SNYK-DOTNET-MICROSOFTNETCOREAPPRUNTIMELINUXMUSLARM-5708429
CVE-2023-29331,CWE-400,https://security.snyk.io/vuln/SNYK-DOTNET-MICROSOFTNETCOREAPPRUNTIMELINUXARM-5708427
CVE-2023-29331,CWE-400,https://security.snyk.io/vuln/SNYK-DOTNET-MICROSOFTWINDOWSCOMPATIBILITY-5708425
CVE-2023-29331,CWE-400,https://security.snyk.io/vuln/SNYK-DOTNET-MICROSOFTNETCOREAPPRUNTIMELINUXARM64-5708428
CVE-2023-29331,CWE-400,https://security.snyk.io/vuln/SNYK-DOTNET-MICROSOFTNETCOREAPPRUNTIMEOSXX64-5708434
CVE-2023-29331,CWE-400,https://security.snyk.io/vuln/SNYK-DOTNET-MICROSOFTNETCOREAPPRUNTIMEWINX64-5708437
CVE-2023-32032,CWE-264,https://security.snyk.io/vuln/SNYK-DOTNET-MICROSOFTNETCOREAPPRUNTIMEWINX86-5707854
CVE-2023-32032,CWE-264,https://security.snyk.io/vuln/SNYK-DOTNET-MICROSOFTNETCOREAPPRUNTIMEWINARM-5707851
CVE-2023-32032,CWE-264,https://security.snyk.io/vuln/SNYK-DOTNET-MICROSOFTNETCOREAPPRUNTIMEWINARM64-5707852
CVE-2023-32032,CWE-264,https://security.snyk.io/vuln/SNYK-DOTNET-MICROSOFTNETCOREAPPRUNTIMEOSXARM64-5707849
CVE-2023-32032,CWE-264,https://security.snyk.io/vuln/SNYK-DOTNET-MICROSOFTNETCOREAPPRUNTIMELINUXX64-5707848
CVE-2023-32032,CWE-264,https://security.snyk.io/vuln/SNYK-DOTNET-MICROSOFTNETCOREAPPRUNTIMELINUXMUSLX64-5707847
CVE-2023-32032,CWE-264,https://security.snyk.io/vuln/SNYK-DOTNET-MICROSOFTNETCOREAPPRUNTIMELINUXMUSLARM64-5707846
CVE-2023-32032,CWE-264,https://security.snyk.io/vuln/SNYK-DOTNET-MICROSOFTNETCOREAPPRUNTIMELINUXMUSLARM-5707845
CVE-2023-32032,CWE-264,https://security.snyk.io/vuln/SNYK-DOTNET-MICROSOFTNETCOREAPPRUNTIMELINUXARM-5707843
CVE-2023-32032,CWE-264,https://security.snyk.io/vuln/SNYK-DOTNET-MICROSOFTNETCOREAPPRUNTIMELINUXARM64-5707844
CVE-2023-32032,CWE-264,https://security.snyk.io/vuln/SNYK-DOTNET-MICROSOFTNETCOREAPPRUNTIMEOSXX64-5707850
CVE-2023-32032,CWE-264,https://security.snyk.io/vuln/SNYK-DOTNET-MICROSOFTNETCOREAPPRUNTIMEWINX64-5707853
CVE-2023-24936,CWE-264,https://security.snyk.io/vuln/SNYK-DOTNET-MICROSOFTNETCOREAPPRUNTIMEWINX86-5707536
CVE-2023-24936,CWE-264,https://security.snyk.io/vuln/SNYK-DOTNET-MICROSOFTNETCOREAPPRUNTIMEWINARM-5707533
CVE-2023-24936,CWE-264,https://security.snyk.io/vuln/SNYK-DOTNET-MICROSOFTNETCOREAPPRUNTIMEWINARM64-5707534
CVE-2023-24936,CWE-264,https://security.snyk.io/vuln/SNYK-DOTNET-MICROSOFTNETCOREAPPRUNTIMEOSXARM64-5707531
CVE-2023-24936,CWE-264,https://security.snyk.io/vuln/SNYK-DOTNET-MICROSOFTNETCOREAPPRUNTIMELINUXX64-5707530
CVE-2023-24936,CWE-264,https://security.snyk.io/vuln/SNYK-DOTNET-MICROSOFTNETCOREAPPRUNTIMELINUXMUSLX64-5707529
CVE-2023-24936,CWE-264,https://security.snyk.io/vuln/SNYK-DOTNET-MICROSOFTNETCOREAPPRUNTIMELINUXMUSLARM64-5707528
CVE-2023-24936,CWE-264,https://security.snyk.io/vuln/SNYK-DOTNET-MICROSOFTNETCOREAPPRUNTIMELINUXMUSLARM-5707527
CVE-2023-24936,CWE-264,https://security.snyk.io/vuln/SNYK-DOTNET-MICROSOFTNETCOREAPPRUNTIMELINUXARM-5707525
CVE-2023-24936,CWE-264,https://security.snyk.io/vuln/SNYK-DOTNET-MICROSOFTNETCOREAPPRUNTIMELINUXARM64-5707526
CVE-2023-24936,CWE-264,https://security.snyk.io/vuln/SNYK-DOTNET-MICROSOFTNETCOREAPPRUNTIMEOSXX64-5707532
CVE-2023-24936,CWE-264,https://security.snyk.io/vuln/SNYK-DOTNET-MICROSOFTNETCOREAPPRUNTIMEWINX64-5707535
CVE-2023-24895,N/A,https://security.snyk.io/vuln/SNYK-DOTNET-MICROSOFTWINDOWSDESKTOPAPPRUNTIMEWINX86-5707524
CVE-2023-24895,N/A,https://security.snyk.io/vuln/SNYK-DOTNET-MICROSOFTWINDOWSDESKTOPAPPRUNTIMEWINARM64-5707522
CVE-2023-24895,N/A,https://security.snyk.io/vuln/SNYK-DOTNET-MICROSOFTWINDOWSDESKTOPAPPRUNTIMEWINX64-5707523
CVE-2023-33568,CWE-284,https://security.snyk.io/vuln/SNYK-PHP-DOLIBARRDOLIBARR-5707519
CVE-2023-33128,N/A,https://security.snyk.io/vuln/SNYK-DOTNET-MICROSOFTNETCOREAPPRUNTIMEWINX86-5707490
CVE-2023-33128,N/A,https://security.snyk.io/vuln/SNYK-DOTNET-MICROSOFTNETCOREAPPRUNTIMEWINARM-5707487
CVE-2023-33128,N/A,https://security.snyk.io/vuln/SNYK-DOTNET-MICROSOFTNETCOREAPPRUNTIMEWINARM64-5707488
CVE-2023-33128,N/A,https://security.snyk.io/vuln/SNYK-DOTNET-MICROSOFTNETCOREAPPRUNTIMEOSXARM64-5707485
CVE-2023-33128,N/A,https://security.snyk.io/vuln/SNYK-DOTNET-MICROSOFTNETCOREAPPRUNTIMELINUXX64-5707484
CVE-2023-33128,N/A,https://security.snyk.io/vuln/SNYK-DOTNET-MICROSOFTNETCOREAPPRUNTIMELINUXMUSLX64-5707483
CVE-2023-33128,N/A,https://security.snyk.io/vuln/SNYK-DOTNET-MICROSOFTNETCOREAPPRUNTIMELINUXMUSLARM64-5707482
CVE-2023-33128,N/A,https://security.snyk.io/vuln/SNYK-DOTNET-MICROSOFTNETCOREAPPRUNTIMELINUXMUSLARM-5707481
CVE-2023-33128,N/A,https://security.snyk.io/vuln/SNYK-DOTNET-MICROSOFTNETCOREAPPRUNTIMELINUXARM-5707479
CVE-2023-33128,N/A,https://security.snyk.io/vuln/SNYK-DOTNET-MICROSOFTNETCOREAPPRUNTIMELINUXARM64-5707480
CVE-2023-33128,N/A,https://security.snyk.io/vuln/SNYK-DOTNET-MICROSOFTNETCOREAPPRUNTIMEOSXX64-5707486
CVE-2023-33128,N/A,https://security.snyk.io/vuln/SNYK-DOTNET-MICROSOFTNETCOREAPPRUNTIMEWINX64-5707489
CVE-2023-34396,CWE-770,https://security.snyk.io/vuln/SNYK-JAVA-ORGAPACHESTRUTS-5707102
CVE-2023-33126,N/A,https://security.snyk.io/vuln/SNYK-DOTNET-MICROSOFTNETCOREAPPRUNTIMEWINX86-5707478
CVE-2023-33126,N/A,https://security.snyk.io/vuln/SNYK-DOTNET-MICROSOFTNETCOREAPPRUNTIMEWINARM64-5707476
CVE-2023-33126,N/A,https://security.snyk.io/vuln/SNYK-DOTNET-RUNTIMEWINX64MICROSOFTNETCOREAPP-5707475
CVE-2023-33126,N/A,https://security.snyk.io/vuln/SNYK-DOTNET-MICROSOFTNETCOREAPPRUNTIMEWINX64-5707477
CVE-2023-3195,CWE-121,https://security.snyk.io/vuln/SNYK-UNMANAGED-IMAGEMAGICKIMAGEMAGICK-5707474
CVE-2023-3195,CWE-121,https://security.snyk.io/vuln/SNYK-COCOAPODS-IMAGEMAGICK-5707473
CVE-2023-3216,CWE-122,https://security.snyk.io/vuln/SNYK-UNMANAGED-CHROMIUM-5707472
N/A,CWE-789,https://security.snyk.io/vuln/SNYK-RUST-EVMCORE-5707471
CVE-2021-25902,CWE-415,https://security.snyk.io/vuln/SNYK-RUST-GLSLLAYOUT-5707470
CVE-2021-26953,CWE-908,https://security.snyk.io/vuln/SNYK-RUST-POSTSCRIPT-5707469
CVE-2021-26952,CWE-908,https://security.snyk.io/vuln/SNYK-RUST-MS3D-5707468
CVE-2020-36220,CWE-662,https://security.snyk.io/vuln/SNYK-RUST-VATS-5707467
CVE-2022-28550,CWE-120,https://security.snyk.io/vuln/SNYK-UNMANAGED-MATTHIASWANDELJHEAD-5707466
CVE-2020-36211,CWE-662,https://security.snyk.io/vuln/SNYK-RUST-GFWX-5707103
CVE-2023-34149,CWE-770,https://security.snyk.io/vuln/SNYK-JAVA-ORGAPACHESTRUTS-5707101
CVE-2023-33695,CWE-378,https://security.snyk.io/vuln/SNYK-JAVA-CNHUTOOL-5707016
N/A,CWE-506,https://security.snyk.io/vuln/SNYK-JS-NODEJSENCRYPTAGENT-5706871
N/A,CWE-506,https://security.snyk.io/vuln/SNYK-JS-NODEJSCOOKIEPROXYAGENT-5706872
N/A,CWE-506,https://security.snyk.io/vuln/SNYK-JS-AXIOSPROXY-5706873
CVE-2023-34488,CWE-122,https://security.snyk.io/vuln/SNYK-UNMANAGED-EMQXNANOMQ-5705338
CVE-2023-34494,CWE-416,https://security.snyk.io/vuln/SNYK-UNMANAGED-EMQXNANOMQ-5705337
CVE-2023-34105,N/A,https://security.snyk.io/vuln/SNYK-UNMANAGED-OSSRSSRS-5703258
CVE-2023-3161,CWE-1335,https://security.snyk.io/vuln/SNYK-UNMANAGED-TORVALDSLINUX-5703013
N/A,CWE-284,https://security.snyk.io/vuln/SNYK-GOLANG-GITHUBCOMCOSMOSCOSMOSSDKXAUTHZ-5703007
CVE-2023-34246,CWE-287,https://security.snyk.io/vuln/SNYK-RUBY-DOORKEEPER-5702995
CVE-2023-33290,CWE-1333,https://security.snyk.io/vuln/SNYK-RUST-GITURLPARSE-5702171
CVE-2023-34475,CWE-416,https://security.snyk.io/vuln/SNYK-UNMANAGED-IMAGEMAGICKIMAGEMAGICK-5702048
CVE-2023-34474,CWE-125,https://security.snyk.io/vuln/SNYK-UNMANAGED-IMAGEMAGICKIMAGEMAGICK-5702047
CVE-2023-33938,N/A,https://security.snyk.io/vuln/SNYK-JAVA-COMLIFERAYPORTAL-5702046
CVE-2023-33948,CWE-862,https://security.snyk.io/vuln/SNYK-JAVA-COMLIFERAYPORTAL-5702045
CVE-2023-3192,CWE-384,https://security.snyk.io/vuln/SNYK-PHP-FROXLORFROXLOR-5702042
CVE-2023-32312,CWE-200,https://security.snyk.io/vuln/SNYK-DOTNET-UMBRACOCMSIDENTITYEXTENSIONS-5673803
CVE-2023-34245,N/A,https://security.snyk.io/vuln/SNYK-JS-UDECODEPLATELINK-5673802
CVE-2018-17107,CWE-524,https://security.snyk.io/vuln/SNYK-DOTNET-TGSERVICEINTERFACE-5673801
CVE-2023-27531,CWE-502,https://security.snyk.io/vuln/SNYK-RUBY-KREDIS-5673799
CVE-2023-33510,N/A,https://security.snyk.io/vuln/SNYK-JAVA-ORGJEECGFRAMEWORKP3-5673798
CVE-2023-34100,CWE-125,https://security.snyk.io/vuln/SNYK-UNMANAGED-CONTIKIOSCONTIKI-5673795
CVE-2023-3188,CWE-918,https://security.snyk.io/vuln/SNYK-GOLANG-GITHUBCOMOWNCASTOWNCASTACTIVITYPUBWEBFINGER-5673794
CVE-2023-3191,N/A,https://security.snyk.io/vuln/SNYK-PHP-NILSTEAMPASSNETTEAMPASS-5673793
CVE-2023-3190,N/A,https://security.snyk.io/vuln/SNYK-PHP-NILSTEAMPASSNETTEAMPASS-5673792
CVE-2023-26133,CWE-1321,https://security.snyk.io/vuln/SNYK-JS-PROGRESSBARJS-3184152
N/A,CWE-1333,https://security.snyk.io/vuln/SNYK-JS-ZXCVBN-3257741
CVE-2018-19653,CWE-200,https://security.snyk.io/vuln/SNYK-GOLANG-GITHUBCOMHASHICORPCONSULAGENTCONFIG-5673791
CVE-2019-9764,CWE-346,https://security.snyk.io/vuln/SNYK-GOLANG-GITHUBCOMHASHICORPCONSUL-5673790
CVE-2023-33865,CWE-264,https://security.snyk.io/vuln/SNYK-UNMANAGED-BALDURKRENDERDOC-5673430
CVE-2023-33864,CWE-191,https://security.snyk.io/vuln/SNYK-UNMANAGED-BALDURKRENDERDOC-5673429
CVE-2023-33863,CWE-120,https://security.snyk.io/vuln/SNYK-UNMANAGED-BALDURKRENDERDOC-5673428
CVE-2023-3153,CWE-400,https://security.snyk.io/vuln/SNYK-UNMANAGED-OVNORGOVN-5673427
CVE-2023-3164,CWE-120,https://security.snyk.io/vuln/SNYK-UNMANAGED-LIBTIFF-5673426
CVE-2023-25749,CWE-284,https://security.snyk.io/vuln/SNYK-UNMANAGED-FIREFOX-5673425
CVE-2023-25748,CWE-284,https://security.snyk.io/vuln/SNYK-UNMANAGED-FIREFOX-5673424
CVE-2023-23600,CWE-284,https://security.snyk.io/vuln/SNYK-UNMANAGED-FIREFOX-5673423
CVE-2023-34414,CWE-400,https://security.snyk.io/vuln/SNYK-UNMANAGED-FIREFOXESR-5673422
CVE-2023-34414,CWE-400,https://security.snyk.io/vuln/SNYK-UNMANAGED-FIREFOX-5673421
CVE-2023-25750,CWE-200,https://security.snyk.io/vuln/SNYK-UNMANAGED-FIREFOX-5673420
CVE-2023-25745,CWE-400,https://security.snyk.io/vuln/SNYK-UNMANAGED-FIREFOX-5673419
CVE-2023-34416,CWE-120,https://security.snyk.io/vuln/SNYK-UNMANAGED-FIREFOXESR-5673418
CVE-2023-34416,CWE-120,https://security.snyk.io/vuln/SNYK-UNMANAGED-FIREFOX-5673417
CVE-2023-23606,CWE-400,https://security.snyk.io/vuln/SNYK-UNMANAGED-FIREFOX-5673416
CVE-2023-1428,CWE-617,https://security.snyk.io/vuln/SNYK-UNMANAGED-GRPC-5673415
CVE-2023-32732,CWE-440,https://security.snyk.io/vuln/SNYK-UNMANAGED-GRPC-5673414
CVE-2023-32731,CWE-440,https://security.snyk.io/vuln/SNYK-UNMANAGED-GRPC-5673413
CVE-2023-3172,N/A,https://security.snyk.io/vuln/SNYK-PHP-FROXLORFROXLOR-5673800
CVE-2023-3173,CWE-307,https://security.snyk.io/vuln/SNYK-PHP-FROXLORFROXLOR-5673796
CVE-2023-23604,CWE-284,https://security.snyk.io/vuln/SNYK-UNMANAGED-FIREFOX-5673410
CVE-2023-23597,N/A,https://security.snyk.io/vuln/SNYK-UNMANAGED-FIREFOX-5673409
CVE-2023-26132,CWE-1321,https://security.snyk.io/vuln/SNYK-JS-DOTTIE-3332763
CVE-2023-34231,N/A,https://security.snyk.io/vuln/SNYK-GOLANG-GITHUBCOMSNOWFLAKEDBGOSNOWFLAKE-5673232
CVE-2023-34232,N/A,https://security.snyk.io/vuln/SNYK-JS-SNOWFLAKESDK-5673231
CVE-2023-34230,N/A,https://security.snyk.io/vuln/SNYK-DOTNET-SNOWFLAKEDATA-5673230
CVE-2018-20744,CWE-346,https://security.snyk.io/vuln/SNYK-GOLANG-GITHUBCOMGOFIBERFIBERV2MIDDLEWARECORS-5673229
CVE-2023-24535,CWE-125,https://security.snyk.io/vuln/SNYK-GOLANG-GOOGLEGOLANGORGPROTOBUF-5673228
CVE-2023-24535,CWE-125,https://security.snyk.io/vuln/SNYK-GOLANG-GITHUBCOMPROTOCOLBUFFERSPROTOBUFGO-5673227
CVE-2023-34233,N/A,https://security.snyk.io/vuln/SNYK-PYTHON-SNOWFLAKECONNECTORPYTHON-5673226
CVE-2023-28177,N/A,https://security.snyk.io/vuln/SNYK-UNMANAGED-FIREFOX-5673176
CVE-2023-33476,CWE-120,https://security.snyk.io/vuln/SNYK-UNMANAGED-MINIDLNA-5673175
CVE-2022-48502,CWE-125,https://security.snyk.io/vuln/SNYK-UNMANAGED-TORVALDSLINUX-5673174
CVE-2023-34256,CWE-125,https://security.snyk.io/vuln/SNYK-UNMANAGED-TORVALDSLINUX-5673173
CVE-2023-22348,CWE-200,https://security.snyk.io/vuln/SNYK-UNMANAGED-TRIBE29CHECKMK-5673171
CVE-2023-34255,CWE-416,https://security.snyk.io/vuln/SNYK-UNMANAGED-TORVALDSLINUX-5673100
CVE-2023-34969,CWE-617,https://security.snyk.io/vuln/SNYK-UNMANAGED-DBUSDBUS-5673099
CVE-2023-3163,CWE-400,https://security.snyk.io/vuln/SNYK-JAVA-COMRUOYI-5673098
CVE-2023-32690,N/A,https://security.snyk.io/vuln/SNYK-UNMANAGED-DMTFLIBSPDM-5672436
CVE-2023-33717,CWE-400,https://security.snyk.io/vuln/SNYK-UNMANAGED-ENZO1982MP4V2-5672435
CVE-2023-33657,CWE-416,https://security.snyk.io/vuln/SNYK-UNMANAGED-EMQXNANOMQ-5672434
CVE-2023-33660,CWE-122,https://security.snyk.io/vuln/SNYK-UNMANAGED-NANOMQNANONNG-5672359
CVE-2023-33658,CWE-122,https://security.snyk.io/vuln/SNYK-UNMANAGED-EMQXNANOSDK-5672358
CVE-2023-33658,CWE-122,https://security.snyk.io/vuln/SNYK-UNMANAGED-NANOMQNANONNG-5672357
CVE-2023-33595,CWE-416,https://security.snyk.io/vuln/SNYK-UNMANAGED-PYTHON-5672356
CVE-2023-33551,CWE-122,https://security.snyk.io/vuln/SNYK-UNMANAGED-HSIANGKAOEROFSUTILS-5672162
CVE-2023-33552,CWE-122,https://security.snyk.io/vuln/SNYK-UNMANAGED-HSIANGKAOEROFSUTILS-5672161
CVE-2023-30576,CWE-416,https://security.snyk.io/vuln/SNYK-UNMANAGED-GUACAMOLESERVER-5672159
N/A,CWE-506,https://security.snyk.io/vuln/SNYK-PYTHON-FSHEC2-5672158
CVE-2023-30575,N/A,https://security.snyk.io/vuln/SNYK-JAVA-ORGAPACHEGUACAMOLE-5672156
CVE-2023-30575,N/A,https://security.snyk.io/vuln/SNYK-JAVA-ORGGLYPTODONGUACAMOLE-5672157
CVE-2023-30575,N/A,https://security.snyk.io/vuln/SNYK-JAVA-ORGAPACHEGUACAMOLE-5672155
CVE-2023-33496,N/A,https://security.snyk.io/vuln/SNYK-JAVA-COMXUXUELI-5672153
CVE-2023-34234,CWE-862,https://security.snyk.io/vuln/SNYK-JS-OPENZEPPELINCONTRACTS-5672116
CVE-2023-34234,CWE-862,https://security.snyk.io/vuln/SNYK-JS-OPENZEPPELINCONTRACTSUPGRADEABLE-5672117
CVE-2015-5378,CWE-200,https://security.snyk.io/vuln/SNYK-RUBY-LOGSTASHCORE-5672121
CVE-2023-34109,CWE-400,https://security.snyk.io/vuln/SNYK-JS-ZXCVBNTSCORE-5671904
CVE-2023-34109,CWE-400,https://security.snyk.io/vuln/SNYK-JS-ZXCVBNTSLANGUAGECOMMON-5671905
CVE-2015-1426,CWE-200,https://security.snyk.io/vuln/SNYK-RUBY-FACTER-5672120
CVE-2015-5619,CWE-295,https://security.snyk.io/vuln/SNYK-RUBY-LOGSTASHCORE-5672119
N/A,CWE-506,https://security.snyk.io/vuln/SNYK-JS-OBAODIGITALPNMUI-5672118
CVE-2023-3142,N/A,https://security.snyk.io/vuln/SNYK-PHP-MICROWEBERMICROWEBER-5672115
CVE-2023-34239,N/A,https://security.snyk.io/vuln/SNYK-PYTHON-GRADIO-5671025
CVE-2023-34238,CWE-200,https://security.snyk.io/vuln/SNYK-JS-GATSBYPLUGINMDX-5671902
CVE-2023-34238,CWE-200,https://security.snyk.io/vuln/SNYK-JS-GATSBYPLUGINSHARP-5671648
CVE-2023-34238,CWE-200,https://security.snyk.io/vuln/SNYK-JS-GATSBY-5671647
CVE-2023-34238,CWE-200,https://security.snyk.io/vuln/SNYK-JS-GATSBYTRANSFORMERREMARK-5671901
CVE-2023-34238,CWE-200,https://security.snyk.io/vuln/SNYK-JS-GATSBYCLI-5671903
CVE-2023-33460,CWE-400,https://security.snyk.io/vuln/SNYK-UNMANAGED-LLOYDYAJL-5670902
CVE-2023-33613,CWE-400,https://security.snyk.io/vuln/SNYK-UNMANAGED-AXTLS-5670901
CVE-2023-33457,CWE-120,https://security.snyk.io/vuln/SNYK-UNMANAGED-SOGOUWORKFLOW-5670900
CVE-2022-46165,N/A,https://security.snyk.io/vuln/SNYK-GOLANG-GITHUBCOMSYNCTHINGSYNCTHING-5669068
CVE-2023-33977,CWE-434,https://security.snyk.io/vuln/SNYK-PYTHON-KIWITCMS-5669047
CVE-2023-31606,CWE-1333,https://security.snyk.io/vuln/SNYK-RUBY-REDCLOTH-5669046
CVE-2023-2183,CWE-284,https://security.snyk.io/vuln/SNYK-GOLANG-GITHUBCOMGRAFANAGRAFANAPKGSERVICESNGALERTAPI-5669045
CVE-2023-32682,CWE-863,https://security.snyk.io/vuln/SNYK-PYTHON-MATRIXSYNAPSE-5668924
CVE-2023-2801,CWE-820,https://security.snyk.io/vuln/SNYK-GOLANG-GITHUBCOMGRAFANAGRAFANAPKGSERVICESQUERY-5668923
CVE-2023-33958,CWE-400,https://security.snyk.io/vuln/SNYK-GOLANG-GITHUBCOMNOTARYPROJECTNOTATIONCMDNOTATION-5668921
CVE-2023-33959,CWE-345,https://security.snyk.io/vuln/SNYK-GOLANG-GITHUBCOMNOTARYPROJECTNOTATIONGO-5668920
CVE-2023-32683,CWE-918,https://security.snyk.io/vuln/SNYK-PYTHON-MATRIXSYNAPSE-5668919
CVE-2023-33957,CWE-400,https://security.snyk.io/vuln/SNYK-GOLANG-GITHUBCOMNOTARYPROJECTNOTATIONCMDNOTATION-5668918
CVE-2023-34104,CWE-1333,https://security.snyk.io/vuln/SNYK-JS-FASTXMLPARSER-5668858
CVE-2023-34104,CWE-1333,https://security.snyk.io/vuln/SNYK-JAVA-ORGWEBJARSNPM-5668859
CVE-2023-32324,CWE-122,https://security.snyk.io/vuln/SNYK-UNMANAGED-OPENPRINTINGCUPSFILTERS-5668757
CVE-2023-28161,CWE-284,https://security.snyk.io/vuln/SNYK-UNMANAGED-FIREFOX-5668546
CVE-2023-29540,CWE-265,https://security.snyk.io/vuln/SNYK-UNMANAGED-FIREFOX-5668485
CVE-2023-2687,CWE-131,https://security.snyk.io/vuln/SNYK-UNMANAGED-SILICONLABSGECKOSDK-5668484
CVE-2023-28160,CWE-200,https://security.snyk.io/vuln/SNYK-UNMANAGED-FIREFOX-5668403
CVE-2023-28159,CWE-453,https://security.snyk.io/vuln/SNYK-UNMANAGED-FIREFOX-5668398
CVE-2023-34318,CWE-120,https://security.snyk.io/vuln/SNYK-UNMANAGED-SOX-5667754
CVE-2023-32627,CWE-1077,https://security.snyk.io/vuln/SNYK-UNMANAGED-SOX-5667753
CVE-2023-32181,CWE-120,https://security.snyk.io/vuln/SNYK-UNMANAGED-OPENSUSELIBECONF-5667626
CVE-2023-26590,CWE-1077,https://security.snyk.io/vuln/SNYK-UNMANAGED-SOX-5666508
CVE-2023-34432,CWE-120,https://security.snyk.io/vuln/SNYK-UNMANAGED-SOX-5666507
CVE-2023-33659,CWE-400,https://security.snyk.io/vuln/SNYK-UNMANAGED-NANOMQNANONNG-5666506
CVE-2023-3109,N/A,https://security.snyk.io/vuln/SNYK-PHP-ADMIDIOADMIDIO-5666501
CVE-2023-33693,CWE-120,https://security.snyk.io/vuln/SNYK-UNMANAGED-TSINGSEEEASYPLAYERPROWIN-5666496
CVE-2023-34103,N/A,https://security.snyk.io/vuln/SNYK-RUBY-AVO-5666495
CVE-2023-34102,N/A,https://security.snyk.io/vuln/SNYK-RUBY-AVO-5666494
N/A,CWE-400,https://security.snyk.io/vuln/SNYK-PHP-POCKETMINEPOCKETMINEMP-5666471
CVE-2023-3079,CWE-400,https://security.snyk.io/vuln/SNYK-UNMANAGED-CHROMIUM-5666448
N/A,CWE-400,https://security.snyk.io/vuln/SNYK-RUST-BUFFEREDREADER-5666446
N/A,CWE-400,https://security.snyk.io/vuln/SNYK-RUST-SEQUOIAOPENPGP-5666447
N/A,CWE-506,https://security.snyk.io/vuln/SNYK-JS-TABBYAIQASEIOPLAYWRIGHTREPORTER-5666445
N/A,CWE-506,https://security.snyk.io/vuln/SNYK-JS-COVEO101COMMERCE-5666444
N/A,CWE-506,https://security.snyk.io/vuln/SNYK-JS-VPROMEDIAPLAYER-5666443
N/A,CWE-506,https://security.snyk.io/vuln/SNYK-JS-BOOTSTRAPSASSOFFICIAL-5666442
N/A,CWE-506,https://security.snyk.io/vuln/SNYK-JS-USERAVATARCIRCLEICON-5666441
N/A,CWE-506,https://security.snyk.io/vuln/SNYK-JS-VPROBOOTSTRAP-5666440
N/A,CWE-506,https://security.snyk.io/vuln/SNYK-JS-QUERYSTRINGCJS-5666439
N/A,CWE-506,https://security.snyk.io/vuln/SNYK-JS-ELPITITASO-5666438
N/A,CWE-506,https://security.snyk.io/vuln/SNYK-JS-ADMINHUBPAGEEMAILS-5666437
N/A,CWE-506,https://security.snyk.io/vuln/SNYK-JS-LIBPONENUNBERJS-5666436
N/A,CWE-506,https://security.snyk.io/vuln/SNYK-JS-REATCOM-5666435
N/A,CWE-506,https://security.snyk.io/vuln/SNYK-JS-TRIALSWEBSITEDEMO-5666434
N/A,CWE-506,https://security.snyk.io/vuln/SNYK-JS-COVEOANALYTICSFTS-5666433
N/A,CWE-506,https://security.snyk.io/vuln/SNYK-JS-NGFILTERCONVERT-5666432
N/A,CWE-506,https://security.snyk.io/vuln/SNYK-JS-FLASKANGULAR-5666431
N/A,CWE-506,https://security.snyk.io/vuln/SNYK-JS-NATIVESVG-5666430
N/A,CWE-506,https://security.snyk.io/vuln/SNYK-JS-TROYPORTAL-5666429
N/A,CWE-506,https://security.snyk.io/vuln/SNYK-JS-COVEOFORDYNAMICSSEARCHUISEED-5666428
N/A,CWE-506,https://security.snyk.io/vuln/SNYK-JS-REPSOLUIKIT-5666427
N/A,CWE-506,https://security.snyk.io/vuln/SNYK-JS-REACTHOOKFORMDEPRECATED-5666426
N/A,CWE-506,https://security.snyk.io/vuln/SNYK-JS-EASYLIGHTBOX-5666425
N/A,CWE-506,https://security.snyk.io/vuln/SNYK-JS-SHOPIFYCURRENCYCONVERTER-5666424
N/A,CWE-506,https://security.snyk.io/vuln/SNYK-JS-MDDSFMSDFLMITEMSELECTOR-5666423
N/A,CWE-506,https://security.snyk.io/vuln/SNYK-JS-CALANDRACA-5666422
N/A,CWE-506,https://security.snyk.io/vuln/SNYK-JS-ASPNETWEBAPIAUTH-5666421
N/A,CWE-506,https://security.snyk.io/vuln/SNYK-JS-REACTINFLUXDB-5666420
N/A,CWE-506,https://security.snyk.io/vuln/SNYK-JS-AONETECHA-5666419
N/A,CWE-506,https://security.snyk.io/vuln/SNYK-JS-GFGCICDSCRIPTS-5666418
N/A,CWE-506,https://security.snyk.io/vuln/SNYK-JS-RFSUTILS-5666417
N/A,CWE-506,https://security.snyk.io/vuln/SNYK-JS-CHEGGMELPCUTILS-5666416
N/A,CWE-506,https://security.snyk.io/vuln/SNYK-JS-PLUGINREACTHOOKS-5666415
N/A,CWE-506,https://security.snyk.io/vuln/SNYK-JS-EGDSLODGING-5666414
N/A,CWE-506,https://security.snyk.io/vuln/SNYK-JS-DELIVERYPROMISE-5666413
N/A,CWE-506,https://security.snyk.io/vuln/SNYK-JS-CAPDESKCAMO-5666412
N/A,CWE-506,https://security.snyk.io/vuln/SNYK-JS-BLABLABLABLA-5666411
N/A,CWE-506,https://security.snyk.io/vuln/SNYK-JS-QUBITSDK-5666410
N/A,CWE-506,https://security.snyk.io/vuln/SNYK-JS-TECHGHOSHAL123-5666409
N/A,CWE-506,https://security.snyk.io/vuln/SNYK-JS-NODEMACAPPLESCRIPT-5666408
N/A,CWE-506,https://security.snyk.io/vuln/SNYK-JS-ELECTRONAPPEXTENSION-5666407
N/A,CWE-506,https://security.snyk.io/vuln/SNYK-JS-GDCOMPANYUPDATES-5666406
N/A,CWE-506,https://security.snyk.io/vuln/SNYK-JS-LITESTFOO-5666405
N/A,CWE-506,https://security.snyk.io/vuln/SNYK-JS-BOUNCYCASTLE-5666404
N/A,CWE-506,https://security.snyk.io/vuln/SNYK-JS-TERRAFORMCONFIG-5666403
N/A,CWE-506,https://security.snyk.io/vuln/SNYK-JS-VUENETFLIXSLIDER-5666402
N/A,CWE-506,https://security.snyk.io/vuln/SNYK-JS-EGDSSEARCHEXPERIENCE-5666401
N/A,CWE-506,https://security.snyk.io/vuln/SNYK-JS-INFLUXQUERYBUILDER-5666400
N/A,CWE-506,https://security.snyk.io/vuln/SNYK-JS-HARRYSFORGEUIBADGE-5666399
N/A,CWE-506,https://security.snyk.io/vuln/SNYK-JS-EGSHARED-5666398
N/A,CWE-506,https://security.snyk.io/vuln/SNYK-JS-ARANGODB-5666397
N/A,CWE-506,https://security.snyk.io/vuln/SNYK-JS-GSATTRACK-5666396
N/A,CWE-506,https://security.snyk.io/vuln/SNYK-JS-GSUXUITOOLKITCOMMON-5666395
N/A,CWE-506,https://security.snyk.io/vuln/SNYK-JS-BCBASELINE-5666394
N/A,CWE-506,https://security.snyk.io/vuln/SNYK-JS-JQUERYSELECT2-5666393
N/A,CWE-506,https://security.snyk.io/vuln/SNYK-JS-HARRYSFORGEUITEXT-5666392
N/A,CWE-506,https://security.snyk.io/vuln/SNYK-JS-MONGOOSEGEOSPATIAL-5666391
N/A,CWE-506,https://security.snyk.io/vuln/SNYK-JS-MONGOOSEGEOJSONSCHEMA2D-5666390
N/A,CWE-506,https://security.snyk.io/vuln/SNYK-JS-OCICONSOLEREGIONS-5666389
N/A,CWE-506,https://security.snyk.io/vuln/SNYK-JS-NFCLLOGGER-5666388
CVE-2020-10676,CWE-281,https://security.snyk.io/vuln/SNYK-GOLANG-GITHUBCOMRANCHERRANCHERPKGCONTROLLERSMANAGEMENTUSERRBAC-5666387
CVE-2023-1297,CWE-826,https://security.snyk.io/vuln/SNYK-GOLANG-GITHUBCOMHASHICORPCONSULAGENTCONSUL-5666386
N/A,N/A,https://security.snyk.io/vuln/SNYK-PYTHON-PLATFORMIO-5665553
N/A,CWE-1333,https://security.snyk.io/vuln/SNYK-PYTHON-PYTHONMS-5665552
N/A,CWE-1333,https://security.snyk.io/vuln/SNYK-PYTHON-RASA-5665551
N/A,N/A,https://security.snyk.io/vuln/SNYK-UNMANAGED-MANUGARGPACPARSER-5665550
N/A,N/A,https://security.snyk.io/vuln/SNYK-PYTHON-MIAACCOUNTING-5665549
N/A,N/A,https://security.snyk.io/vuln/SNYK-PYTHON-LAUNCHABLE-5665548
N/A,CWE-208,https://security.snyk.io/vuln/SNYK-PYTHON-KRPTN-5665547
N/A,CWE-200,https://security.snyk.io/vuln/SNYK-PYTHON-GLANCES-5665546
N/A,CWE-611,https://security.snyk.io/vuln/SNYK-PYTHON-CVEPY-5665545
CVE-2012-5372,CWE-400,https://security.snyk.io/vuln/SNYK-UNMANAGED-RUBINIUSRUBINIUS-5665544
CVE-2023-3085,N/A,https://security.snyk.io/vuln/SNYK-UNMANAGED-OPENWRTLUCI-5665543
CVE-2023-34410,CWE-295,https://security.snyk.io/vuln/SNYK-UNMANAGED-QTQTBASE-5665542
CVE-2023-34411,CWE-400,https://security.snyk.io/vuln/SNYK-RUST-XMLRS-5665541
CVE-2023-29537,CWE-400,https://security.snyk.io/vuln/SNYK-UNMANAGED-FIREFOX-5665473
CVE-2023-29538,CWE-200,https://security.snyk.io/vuln/SNYK-UNMANAGED-FIREFOX-5665472
CVE-2023-29543,CWE-416,https://security.snyk.io/vuln/SNYK-UNMANAGED-FIREFOX-5665471
CVE-2023-29544,CWE-400,https://security.snyk.io/vuln/SNYK-UNMANAGED-FIREFOX-5665470
CVE-2023-29549,CWE-265,https://security.snyk.io/vuln/SNYK-UNMANAGED-FIREFOX-5665469
CVE-2023-3095,CWE-284,https://security.snyk.io/vuln/SNYK-PHP-NILSTEAMPASSNETTEAMPASS-5665468
N/A,CWE-400,https://security.snyk.io/vuln/SNYK-GOLANG-GITHUBCOMCOSMOSCOSMOSSDKXCRISIS-5665467
CVE-2023-3084,N/A,https://security.snyk.io/vuln/SNYK-PHP-NILSTEAMPASSNETTEAMPASS-5665466
CVE-2023-3086,N/A,https://security.snyk.io/vuln/SNYK-PHP-NILSTEAMPASSNETTEAMPASS-5665465
CVE-2023-3083,N/A,https://security.snyk.io/vuln/SNYK-PHP-NILSTEAMPASSNETTEAMPASS-5665464
CVE-2009-4124,CWE-122,https://security.snyk.io/vuln/SNYK-UNMANAGED-RUBY-5665463
N/A,CWE-400,https://security.snyk.io/vuln/SNYK-RUST-TRUSTDNSSERVER-5665461
N/A,CWE-400,https://security.snyk.io/vuln/SNYK-RUST-TRUSTDNS-5665462
CVE-2023-33733,N/A,https://security.snyk.io/vuln/SNYK-PYTHON-REPORTLAB-5664897
CVE-2023-3056,N/A,https://security.snyk.io/vuln/SNYK-PHP-0377YFCMFTP6-5664849
CVE-2023-33965,N/A,https://security.snyk.io/vuln/SNYK-GOLANG-GITHUBCOMTXTHINKINGBROOK-5664732
CVE-2023-34339,CWE-209,https://security.snyk.io/vuln/SNYK-JAVA-IOKTOR-5664731
CVE-2022-43760,N/A,https://security.snyk.io/vuln/SNYK-GOLANG-GITHUBCOMRANCHERRANCHER-5664730
CVE-2023-22648,CWE-269,https://security.snyk.io/vuln/SNYK-GOLANG-GITHUBCOMRANCHERRANCHER-5664729
CVE-2023-34091,CWE-285,https://security.snyk.io/vuln/SNYK-GOLANG-GITHUBCOMKYVERNOKYVERNOPKGWEBHOOKSRESOURCE-5664728
CVE-2023-22647,CWE-281,https://security.snyk.io/vuln/SNYK-GOLANG-GITHUBCOMRANCHERRANCHER-5664727
N/A,CWE-400,https://security.snyk.io/vuln/SNYK-PHP-POCKETMINEPOCKETMINEMP-5664726
CVE-2023-33950,CWE-1333,https://security.snyk.io/vuln/SNYK-JAVA-COMLIFERAY-5664724
CVE-2023-33950,CWE-1333,https://security.snyk.io/vuln/SNYK-JAVA-COMLIFERAY-5664725
CVE-2023-33945,N/A,https://security.snyk.io/vuln/SNYK-JAVA-COMLIFERAY-5664723
CVE-2023-22652,CWE-120,https://security.snyk.io/vuln/SNYK-UNMANAGED-OPENSUSELIBECONF-5664722
CVE-2023-33544,N/A,https://security.snyk.io/vuln/SNYK-JAVA-IOHAWT-5664721
CVE-2023-33546,CWE-400,https://security.snyk.io/vuln/SNYK-JAVA-ORGCODEHAUSJANINO-5664720
CVE-2023-34092,N/A,https://security.snyk.io/vuln/SNYK-JS-VITE-5664718
CVE-2023-34092,N/A,https://security.snyk.io/vuln/SNYK-JAVA-ORGWEBJARSNPM-5664719
CVE-2023-2454,N/A,https://security.snyk.io/vuln/SNYK-UNMANAGED-POSTGRESQL-5664661
CVE-2023-2455,CWE-269,https://security.snyk.io/vuln/SNYK-UNMANAGED-POSTGRESQL-5664660
CVE-2023-28360,CWE-223,https://security.snyk.io/vuln/SNYK-UNMANAGED-BRAVEBRAVECORE-5664659
CVE-2023-33461,CWE-170,https://security.snyk.io/vuln/SNYK-UNMANAGED-NDEVILLAINIPARSER-5663694
CVE-2023-33175,CWE-524,https://security.snyk.io/vuln/SNYK-PYTHON-TOUI-5600983
CVE-2023-2981,N/A,https://security.snyk.io/vuln/SNYK-GOLANG-GITHUBCOMPYDIOCELLSV4FRONTENDFRONTSRV-5663684
CVE-2023-2981,N/A,https://security.snyk.io/vuln/SNYK-GOLANG-GITHUBCOMPYDIOCELLSV4FRONTENDFRONTSRVREST-5663685
CVE-2023-32213,CWE-457,https://security.snyk.io/vuln/SNYK-UNMANAGED-THUNDERBIRD-5663562
CVE-2023-3013,CWE-252,https://security.snyk.io/vuln/SNYK-UNMANAGED-GPACGPAC-5663561
CVE-2023-3012,CWE-476,https://security.snyk.io/vuln/SNYK-UNMANAGED-GPACGPAC-5663560
CVE-2023-2952,CWE-835,https://security.snyk.io/vuln/SNYK-UNMANAGED-WIRESHARK-5663559
CVE-2023-33718,CWE-400,https://security.snyk.io/vuln/SNYK-UNMANAGED-ENZO1982MP4V2-5663558
CVE-2023-33719,CWE-400,https://security.snyk.io/vuln/SNYK-UNMANAGED-ENZO1982MP4V2-5663557
CVE-2023-33966,CWE-269,https://security.snyk.io/vuln/SNYK-RUST-DENO-5663555
CVE-2023-33966,CWE-269,https://security.snyk.io/vuln/SNYK-RUST-DENORUNTIME-5663556
CVE-2023-33716,CWE-400,https://security.snyk.io/vuln/SNYK-UNMANAGED-ENZO1982MP4V2-5663554
CVE-2023-3009,N/A,https://security.snyk.io/vuln/SNYK-PHP-NILSTEAMPASSNETTEAMPASS-5663513
CVE-2023-33964,N/A,https://security.snyk.io/vuln/SNYK-GOLANG-GITHUBCOMMULTIVERSXMXCHAINGOPROCESSTRANSACTION-5663179
CVE-2023-33967,N/A,https://security.snyk.io/vuln/SNYK-GOLANG-GITHUBCOMMEGAEASEEASEPROBE-5663178
CVE-2023-33736,N/A,https://security.snyk.io/vuln/SNYK-PHP-DCATLARAVELADMIN-5663177
CVE-2023-2650,CWE-400,https://security.snyk.io/vuln/SNYK-UNMANAGED-OPENSSL-5662332
CVE-2023-2650,CWE-400,https://security.snyk.io/vuln/SNYK-PYTHON-CRYPTOGRAPHY-5663682
CVE-2023-2650,CWE-400,https://security.snyk.io/vuln/SNYK-RUST-OPENSSLSRC-5663683
CVE-2023-33656,CWE-400,https://security.snyk.io/vuln/SNYK-UNMANAGED-EMQXNANOMQ-5662280
CVE-2023-2977,CWE-119,https://security.snyk.io/vuln/SNYK-UNMANAGED-OPENSCOPENSC-5662279
CVE-2023-2930,CWE-416,https://security.snyk.io/vuln/SNYK-UNMANAGED-CHROMIUM-5662278
CVE-2023-2930,CWE-416,https://security.snyk.io/vuln/SNYK-JS-ELECTRON-5710620
CVE-2023-2939,N/A,https://security.snyk.io/vuln/SNYK-UNMANAGED-CHROMIUM-5662277
CVE-2023-2932,CWE-416,https://security.snyk.io/vuln/SNYK-UNMANAGED-CHROMIUM-5662276
CVE-2023-2932,CWE-416,https://security.snyk.io/vuln/SNYK-JS-ELECTRON-5710425
CVE-2023-2931,CWE-416,https://security.snyk.io/vuln/SNYK-UNMANAGED-CHROMIUM-5662275
CVE-2023-2941,N/A,https://security.snyk.io/vuln/SNYK-UNMANAGED-CHROMIUM-5662274
CVE-2023-2937,N/A,https://security.snyk.io/vuln/SNYK-UNMANAGED-CHROMIUM-5662273
CVE-2023-2938,CWE-284,https://security.snyk.io/vuln/SNYK-UNMANAGED-CHROMIUM-5662272
CVE-2023-2940,CWE-284,https://security.snyk.io/vuln/SNYK-UNMANAGED-CHROMIUM-5662271
CVE-2023-2934,CWE-119,https://security.snyk.io/vuln/SNYK-JS-ELECTRON-5710514
CVE-2023-2934,CWE-119,https://security.snyk.io/vuln/SNYK-UNMANAGED-CHROMIUM-5662270
CVE-2023-2933,CWE-416,https://security.snyk.io/vuln/SNYK-JS-ELECTRON-5710556
CVE-2023-2933,CWE-416,https://security.snyk.io/vuln/SNYK-UNMANAGED-CHROMIUM-5662269
CVE-2023-2936,CWE-843,https://security.snyk.io/vuln/SNYK-JS-ELECTRON-5710600
CVE-2023-2936,CWE-843,https://security.snyk.io/vuln/SNYK-UNMANAGED-CHROMIUM-5662268
CVE-2023-2935,CWE-843,https://security.snyk.io/vuln/SNYK-UNMANAGED-CHROMIUM-5662267
CVE-2023-2935,CWE-843,https://security.snyk.io/vuln/SNYK-JS-ELECTRON-5710601
CVE-2023-2929,CWE-119,https://security.snyk.io/vuln/SNYK-UNMANAGED-CHROMIUM-5662266
CVE-2023-33975,CWE-119,https://security.snyk.io/vuln/SNYK-UNMANAGED-RIOTOSRIOT-5662265
CVE-2023-24826,CWE-824,https://security.snyk.io/vuln/SNYK-UNMANAGED-RIOTOSRIOT-5662264
CVE-2023-33973,CWE-476,https://security.snyk.io/vuln/SNYK-UNMANAGED-RIOTOSRIOT-5662263
CVE-2023-33974,CWE-362,https://security.snyk.io/vuln/SNYK-UNMANAGED-RIOTOSRIOT-5662262
CVE-2023-24825,CWE-252,https://security.snyk.io/vuln/SNYK-UNMANAGED-RIOTOSRIOT-5662261
CVE-2023-24817,CWE-119,https://security.snyk.io/vuln/SNYK-UNMANAGED-RIOTOSRIOT-5662260
CVE-2023-1521,CWE-264,https://security.snyk.io/vuln/SNYK-RUST-SCCACHE-5661899
CVE-2023-0779,N/A,https://security.snyk.io/vuln/SNYK-UNMANAGED-ZEPHYRPROJECTRTOSZEPHYR-5661898
CVE-2023-32684,CWE-552,https://security.snyk.io/vuln/SNYK-GOLANG-GITHUBCOMLIMAVMLIMAPKG-5661798
N/A,CWE-327,https://security.snyk.io/vuln/SNYK-GOLANG-GITHUBCOMKYVERNOKYVERNO-5661797
CVE-2023-2983,CWE-267,https://security.snyk.io/vuln/SNYK-PHP-PIMCOREPIMCORE-5661796
CVE-2023-2984,N/A,https://security.snyk.io/vuln/SNYK-PHP-PIMCOREPIMCORE-5661795
CVE-2023-32689,CWE-434,https://security.snyk.io/vuln/SNYK-JS-PARSESERVER-5661794
CVE-2023-2999,N/A,https://security.snyk.io/vuln/SNYK-PHP-THORSTENPHPMYFAQ-5661793
CVE-2023-33962,N/A,https://security.snyk.io/vuln/SNYK-JAVA-IOJSTACH-5661792
CVE-2023-2998,N/A,https://security.snyk.io/vuln/SNYK-PHP-THORSTENPHPMYFAQ-5661791
CVE-2023-2968,CWE-232,https://security.snyk.io/vuln/SNYK-JS-PROXY-5661790
CVE-2023-2855,CWE-787,https://security.snyk.io/vuln/SNYK-UNMANAGED-WIRESHARK-5660618
CVE-2023-2857,CWE-122,https://security.snyk.io/vuln/SNYK-UNMANAGED-WIRESHARK-5660617
CVE-2023-2858,CWE-122,https://security.snyk.io/vuln/SNYK-UNMANAGED-WIRESHARK-5660616
CVE-2023-0666,CWE-122,https://security.snyk.io/vuln/SNYK-UNMANAGED-WIRESHARK-5660615
CVE-2023-2854,CWE-126,https://security.snyk.io/vuln/SNYK-UNMANAGED-WIRESHARK-5660614
CVE-2023-2856,CWE-125,https://security.snyk.io/vuln/SNYK-UNMANAGED-WIRESHARK-5660613
CVE-2023-0668,CWE-125,https://security.snyk.io/vuln/SNYK-UNMANAGED-WIRESHARK-5660612
CVE-2023-2970,CWE-119,https://security.snyk.io/vuln/SNYK-PYTHON-MINDSPORE-5668922
CVE-2023-2970,CWE-119,https://security.snyk.io/vuln/SNYK-UNMANAGED-MINDSPOREAIMINDSPORE-5660611
CVE-2023-30571,CWE-362,https://security.snyk.io/vuln/SNYK-UNMANAGED-LIBARCHIVE-5660610
CVE-2023-2972,CWE-1321,https://security.snyk.io/vuln/SNYK-JS-ANTFUUTILS-5660605
CVE-2023-33234,N/A,https://security.snyk.io/vuln/SNYK-PYTHON-APACHEAIRFLOWPROVIDERSCNCFKUBERNETES-5660604
CVE-2023-26131,N/A,https://security.snyk.io/vuln/SNYK-GOLANG-GITHUBCOMXYPROTOALGERNONENGINE-3312111
CVE-2023-26131,N/A,https://security.snyk.io/vuln/SNYK-GOLANG-GITHUBCOMXYPROTOALGERNONTHEMES-3312112
CVE-2023-30253,N/A,https://security.snyk.io/vuln/SNYK-PHP-DOLIBARRDOLIBARR-5660595
CVE-2023-34205,CWE-284,https://security.snyk.io/vuln/SNYK-GOLANG-GITHUBCOMMOOVIOSIGNEDXML-5660594
CVE-2022-41766,CWE-200,https://security.snyk.io/vuln/SNYK-PHP-MEDIAWIKICORE-5660593
N/A,CWE-506,https://security.snyk.io/vuln/SNYK-JS-CITIGCG173875-5660592
N/A,CWE-506,https://security.snyk.io/vuln/SNYK-JS-COMPUTESTARTERKITASSEMBLYSCRIPTDEFAULT-5660591
N/A,CWE-506,https://security.snyk.io/vuln/SNYK-JS-HIGHCHARTEXPORT-5660590
N/A,CWE-506,https://security.snyk.io/vuln/SNYK-JS-HIGHCHARTSEXPORT-5660589
N/A,CWE-506,https://security.snyk.io/vuln/SNYK-JS-SMEACCOUNTING-5660588
N/A,CWE-506,https://security.snyk.io/vuln/SNYK-JS-BOOTSTRAPWITHOUTJQUERY-5660587
N/A,CWE-506,https://security.snyk.io/vuln/SNYK-JS-TESTSOLHINT-5660586
N/A,CWE-506,https://security.snyk.io/vuln/SNYK-JS-ITEMSSELECTOR-5660585
N/A,CWE-506,https://security.snyk.io/vuln/SNYK-JS-APPLICATIONDELIVERYTOOLPRELOADEXPO-5660584
CVE-2023-34153,N/A,https://security.snyk.io/vuln/SNYK-UNMANAGED-IMAGEMAGICKIMAGEMAGICK-5660381
CVE-2020-36694,CWE-416,https://security.snyk.io/vuln/SNYK-UNMANAGED-TORVALDSLINUX-5660405
CVE-2023-2808,N/A,https://security.snyk.io/vuln/SNYK-GOLANG-GITHUBCOMMATTERMOSTMATTERMOSTSERVERAPP-5660382
CVE-2023-34152,N/A,https://security.snyk.io/vuln/SNYK-UNMANAGED-IMAGEMAGICKIMAGEMAGICK-5660380
CVE-2023-34151,CWE-400,https://security.snyk.io/vuln/SNYK-UNMANAGED-IMAGEMAGICKIMAGEMAGICK-5660379
CVE-2023-26130,N/A,https://security.snyk.io/vuln/SNYK-UNMANAGED-YHIROSECPPHTTPLIB-5591194
N/A,CWE-506,https://security.snyk.io/vuln/SNYK-JS-PITITO-5660378
N/A,CWE-506,https://security.snyk.io/vuln/SNYK-JS-SUPERAGT-5660377
N/A,CWE-506,https://security.snyk.io/vuln/SNYK-JS-SUPERAGTN-5660376
CVE-2023-2953,CWE-476,https://security.snyk.io/vuln/SNYK-UNMANAGED-OPENLDAPORG-5660375
CVE-2023-32762,CWE-319,https://security.snyk.io/vuln/SNYK-UNMANAGED-QT-5660374
CVE-2023-2898,CWE-476,https://security.snyk.io/vuln/SNYK-UNMANAGED-TORVALDSLINUX-5660310
CVE-2023-2879,CWE-400,https://security.snyk.io/vuln/SNYK-UNMANAGED-WIRESHARK-5660307
CVE-2023-2925,N/A,https://security.snyk.io/vuln/SNYK-PHP-KRAYINLARAVELCRM-5660306
CVE-2023-33297,CWE-400,https://security.snyk.io/vuln/SNYK-UNMANAGED-BITCOINBITCOIN-5660305
CVE-2023-33720,CWE-400,https://security.snyk.io/vuln/SNYK-UNMANAGED-ENZO1982MP4V2-5660304
CVE-2023-2817,N/A,https://security.snyk.io/vuln/SNYK-PHP-CRAFTCMSCMS-5660303
CVE-2023-1981,CWE-400,https://security.snyk.io/vuln/SNYK-UNMANAGED-LATHIATAVAHI-5660302
CVE-2023-32307,CWE-190,https://security.snyk.io/vuln/SNYK-UNMANAGED-FREESWITCHSOFIASIP-5660301
CVE-2015-20108,N/A,https://security.snyk.io/vuln/SNYK-RUBY-ZIPRUBY-5660300
CVE-2023-30145,N/A,https://security.snyk.io/vuln/SNYK-RUBY-CAMALEONCMS-5660299
CVE-2023-2878,CWE-532,https://security.snyk.io/vuln/SNYK-GOLANG-GITHUBCOMKUBERNETESSIGSSECRETSSTORECSIDRIVERPKGSECRETSSTORE-5660297
CVE-2023-2878,CWE-532,https://security.snyk.io/vuln/SNYK-GOLANG-SIGSK8SIOSECRETSSTORECSIDRIVERPKGSECRETSSTORE-5660298
CVE-2023-33195,N/A,https://security.snyk.io/vuln/SNYK-PHP-CRAFTCMSCMS-5660296
CVE-2023-33194,N/A,https://security.snyk.io/vuln/SNYK-PHP-CRAFTCMSCMS-5660295
CVE-2023-33187,CWE-200,https://security.snyk.io/vuln/SNYK-JS-HIGHLIGHTRUN-5660294
CVE-2023-33197,N/A,https://security.snyk.io/vuln/SNYK-PHP-CRAFTCMSCMS-5660293
CVE-2023-33189,CWE-863,https://security.snyk.io/vuln/SNYK-GOLANG-GITHUBCOMPOMERIUMPOMERIUMCONFIG-5660291
CVE-2023-33189,CWE-863,https://security.snyk.io/vuln/SNYK-GOLANG-GITHUBCOMPOMERIUMPOMERIUMAUTHORIZE-5660292
CVE-2023-33196,N/A,https://security.snyk.io/vuln/SNYK-PHP-CRAFTCMSCMS-5660290
CVE-2023-33955,N/A,https://security.snyk.io/vuln/SNYK-GOLANG-GITHUBCOMMINIOCONSOLEPORTALUI-5660289
CVE-2023-33199,CWE-400,https://security.snyk.io/vuln/SNYK-GOLANG-GITHUBCOMSIGSTOREREKORPKGGENERATED-5660288
CVE-2023-33199,CWE-400,https://security.snyk.io/vuln/SNYK-GOLANG-GITHUBCOMSIGSTOREREKORPKGTYPES-5660287
CVE-2023-33779,CWE-264,https://security.snyk.io/vuln/SNYK-JAVA-COMXUXUELI-5607531
CVE-2023-31655,CWE-400,https://security.snyk.io/vuln/SNYK-UNMANAGED-REDISREDIS-5603335
CVE-2023-26129,N/A,https://security.snyk.io/vuln/SNYK-JS-BWMNG-3175876
CVE-2023-26128,N/A,https://security.snyk.io/vuln/SNYK-JS-KEEPMODULELATEST-3157165
CVE-2023-26127,N/A,https://security.snyk.io/vuln/SNYK-JS-N158-3183746
N/A,CWE-1333,https://security.snyk.io/vuln/SNYK-JAVA-ORGWEBJARSNPM-5660366
N/A,CWE-1333,https://security.snyk.io/vuln/SNYK-JS-MARKDOWNTOJSX-3310443
N/A,CWE-200,https://security.snyk.io/vuln/SNYK-GOLANG-GITHUBCOMCOCKROACHDBCOCKROACHPKGSECURITY-2826208
N/A,CWE-400,https://security.snyk.io/vuln/SNYK-GOLANG-GITHUBCOMAVALABSAVALANCHEGO-5603270
CVE-2023-33250,CWE-416,https://security.snyk.io/vuln/SNYK-UNMANAGED-TORVALDSLINUX-5603269
CVE-2023-31722,CWE-122,https://security.snyk.io/vuln/SNYK-UNMANAGED-NASM-5603268
CVE-2023-32254,CWE-362,https://security.snyk.io/vuln/SNYK-UNMANAGED-TORVALDSLINUX-5603267
CVE-2023-2609,CWE-476,https://security.snyk.io/vuln/SNYK-UNMANAGED-VIMVIM-5603266
CVE-2023-31517,CWE-400,https://security.snyk.io/vuln/SNYK-UNMANAGED-TEEWORLDS-5603265
CVE-2023-31861,N/A,https://security.snyk.io/vuln/SNYK-UNMANAGED-ZLMEDIAKITZLMEDIAKIT-5603264
CVE-2023-0950,CWE-129,https://security.snyk.io/vuln/SNYK-UNMANAGED-LIBREOFFICE-5603263
CVE-2023-2255,CWE-264,https://security.snyk.io/vuln/SNYK-UNMANAGED-LIBREOFFICE-5603199
CVE-2023-31518,CWE-416,https://security.snyk.io/vuln/SNYK-UNMANAGED-TEEWORLDS-5603198
CVE-2023-2837,CWE-121,https://security.snyk.io/vuln/SNYK-UNMANAGED-GPACGPAC-5603197
CVE-2023-2840,CWE-476,https://security.snyk.io/vuln/SNYK-UNMANAGED-GPACGPAC-5603196
CVE-2023-2838,CWE-125,https://security.snyk.io/vuln/SNYK-UNMANAGED-GPACGPAC-5603195
CVE-2023-32694,CWE-203,https://security.snyk.io/vuln/SNYK-PYTHON-SALEOR-5603194
CVE-2023-33191,CWE-284,https://security.snyk.io/vuln/SNYK-GOLANG-GITHUBCOMKYVERNOKYVERNOPKGPSS-5603193
CVE-2023-33192,CWE-130,https://security.snyk.io/vuln/SNYK-RUST-NTPD-5603192
CVE-2022-46907,N/A,https://security.snyk.io/vuln/SNYK-JAVA-ORGAPACHEJSPWIKI-5603189
CVE-2022-46907,N/A,https://security.snyk.io/vuln/SNYK-JAVA-ORGAPACHEJSPWIKI-5603190
CVE-2023-2798,CWE-400,https://security.snyk.io/vuln/SNYK-JAVA-NETSOURCEFORGEHTMLUNIT-5603110
N/A,CWE-506,https://security.snyk.io/vuln/SNYK-JS-BIGNUM-5602376
CVE-2023-1174,CWE-266,https://security.snyk.io/vuln/SNYK-GOLANG-GITHUBCOMKUBERNETESMINIKUBE-5602342
CVE-2023-1174,CWE-266,https://security.snyk.io/vuln/SNYK-GOLANG-K8SIOMINIKUBE-5602343
CVE-2023-1944,CWE-259,https://security.snyk.io/vuln/SNYK-GOLANG-GITHUBCOMKUBERNETESMINIKUBE-5602340
CVE-2023-1944,CWE-259,https://security.snyk.io/vuln/SNYK-GOLANG-K8SIOMINIKUBE-5602341
CVE-2023-33246,N/A,https://security.snyk.io/vuln/SNYK-JAVA-ORGAPACHEROCKETMQ-5602338
CVE-2023-33246,N/A,https://security.snyk.io/vuln/SNYK-JAVA-ORGAPACHEROCKETMQ-5602337
CVE-2023-33246,N/A,https://security.snyk.io/vuln/SNYK-JAVA-ORGAPACHEROCKETMQ-5602339
CVE-2023-2881,CWE-257,https://security.snyk.io/vuln/SNYK-PHP-PIMCORECUSTOMERMANAGEMENTFRAMEWORKBUNDLE-5602336
CVE-2023-33947,CWE-284,https://security.snyk.io/vuln/SNYK-JAVA-COMLIFERAYPORTAL-5600993
CVE-2018-15121,CWE-352,https://security.snyk.io/vuln/SNYK-DOTNET-AUTH0ASPNETOWIN-5601107
CVE-2018-15121,CWE-352,https://security.snyk.io/vuln/SNYK-DOTNET-AUTH0ASPNET-5601106
CVE-2023-24279,N/A,https://security.snyk.io/vuln/SNYK-JAVA-ORGONOSPROJECT-5601105
CVE-2021-25748,N/A,https://security.snyk.io/vuln/SNYK-GOLANG-GITHUBCOMNGINXINCKUBERNETESINGRESSINTERNALINGRESS-5601104
CVE-2023-33941,N/A,https://security.snyk.io/vuln/SNYK-JAVA-COMLIFERAY-5601102
CVE-2023-33939,N/A,https://security.snyk.io/vuln/SNYK-JAVA-COMLIFERAY-5601101
CVE-2023-33942,N/A,https://security.snyk.io/vuln/SNYK-JAVA-COMLIFERAY-5601100
CVE-2023-33940,N/A,https://security.snyk.io/vuln/SNYK-JAVA-COMLIFERAY-5601099
CVE-2023-33937,N/A,https://security.snyk.io/vuln/SNYK-JAVA-COMLIFERAY-5601098
CVE-2023-33943,N/A,https://security.snyk.io/vuln/SNYK-JAVA-COMLIFERAY-5601097
CVE-2023-33946,CWE-284,https://security.snyk.io/vuln/SNYK-JAVA-COMLIFERAY-5601096
CVE-2023-33944,N/A,https://security.snyk.io/vuln/SNYK-JAVA-COMLIFERAY-5601095
CVE-2023-33949,CWE-1188,https://security.snyk.io/vuln/SNYK-JAVA-COMLIFERAYPORTAL-5601094
CVE-2023-32321,CWE-434,https://security.snyk.io/vuln/SNYK-PYTHON-CKAN-5600988
CVE-2023-32323,CWE-400,https://security.snyk.io/vuln/SNYK-PYTHON-MATRIXSYNAPSE-5600987
CVE-2023-32698,CWE-276,https://security.snyk.io/vuln/SNYK-GOLANG-GITHUBCOMGORELEASERNFPM-5600984
CVE-2023-32698,CWE-276,https://security.snyk.io/vuln/SNYK-GOLANG-GITHUBCOMGORELEASERNFPMV2-5600985
CVE-2023-32698,CWE-276,https://security.snyk.io/vuln/SNYK-GOLANG-GITHUBCOMGORELEASERNFPMV2FILES-5600986
CVE-2022-39374,CWE-400,https://security.snyk.io/vuln/SNYK-PYTHON-MATRIXSYNAPSE-5600982
CVE-2022-39335,CWE-284,https://security.snyk.io/vuln/SNYK-PYTHON-MATRIXSYNAPSE-5600769
CVE-2023-33285,CWE-400,https://security.snyk.io/vuln/SNYK-UNMANAGED-QTQTBASE-5597778
CVE-2023-31124,CWE-330,https://security.snyk.io/vuln/SNYK-UNMANAGED-CARES-5597777
CVE-2023-32067,CWE-400,https://security.snyk.io/vuln/SNYK-UNMANAGED-CARES-5597664
CVE-2023-31147,CWE-330,https://security.snyk.io/vuln/SNYK-UNMANAGED-CARES-5597661
CVE-2023-31130,CWE-124,https://security.snyk.io/vuln/SNYK-UNMANAGED-CARES-5597615
CVE-2023-28410,CWE-264,https://security.snyk.io/vuln/SNYK-UNMANAGED-TORVALDSLINUX-5596912
CVE-2023-33251,CWE-378,https://security.snyk.io/vuln/SNYK-JAVA-COMTYPESAFEAKKA-5596911
CVE-2023-33251,CWE-378,https://security.snyk.io/vuln/SNYK-JAVA-COMTYPESAFEAKKA-5596910
CVE-2023-33251,CWE-378,https://security.snyk.io/vuln/SNYK-JAVA-COMTYPESAFEAKKA-5596909
CVE-2023-33251,CWE-378,https://security.snyk.io/vuln/SNYK-JAVA-COMTYPESAFEAKKA-5596908
CVE-2023-2859,N/A,https://security.snyk.io/vuln/SNYK-PHP-NILSTEAMPASSNETTEAMPASS-5596907
CVE-2023-31064,CWE-862,https://security.snyk.io/vuln/SNYK-JAVA-ORGAPACHEINLONG-5596905
CVE-2023-31098,CWE-521,https://security.snyk.io/vuln/SNYK-JAVA-ORGAPACHEINLONG-5596901
CVE-2023-31062,CWE-269,https://security.snyk.io/vuln/SNYK-JAVA-ORGAPACHEINLONG-5596900
CVE-2023-31206,CWE-668,https://security.snyk.io/vuln/SNYK-JAVA-ORGAPACHEINLONG-5596899
CVE-2023-31066,CWE-862,https://security.snyk.io/vuln/SNYK-JAVA-ORGAPACHEINLONG-5596897
CVE-2023-31066,CWE-862,https://security.snyk.io/vuln/SNYK-JAVA-ORGAPACHEINLONG-5596898
CVE-2023-32686,N/A,https://security.snyk.io/vuln/SNYK-PYTHON-KIWITCMS-5596896
CVE-2023-32315,N/A,https://security.snyk.io/vuln/SNYK-JAVA-ORGIGNITEREALTIMEOPENFIRE-5596894
CVE-2023-32695,CWE-400,https://security.snyk.io/vuln/SNYK-JS-SOCKETIOPARSER-5596892
CVE-2023-32695,CWE-400,https://security.snyk.io/vuln/SNYK-JAVA-ORGWEBJARSNPM-5596893
CVE-2023-32697,N/A,https://security.snyk.io/vuln/SNYK-JAVA-ORGXERIAL-5596891
CVE-2023-2662,CWE-400,https://security.snyk.io/vuln/SNYK-UNMANAGED-XPDFREADER-5596890
CVE-2023-30394,N/A,https://security.snyk.io/vuln/SNYK-UNMANAGED-ROSPLANNINGMOVEIT-5596889
CVE-2021-45345,CWE-400,https://security.snyk.io/vuln/SNYK-UNMANAGED-WEBCAMSERV-5596888
CVE-2023-2839,CWE-400,https://security.snyk.io/vuln/SNYK-UNMANAGED-GPACGPAC-5596887
CVE-2023-31670,CWE-400,https://security.snyk.io/vuln/SNYK-UNMANAGED-WEBASSEMBLYWABT-5596757
CVE-2023-31826,CWE-502,https://security.snyk.io/vuln/SNYK-JAVA-ORGSKYSCREAMER-5596756
CVE-2023-25440,N/A,https://security.snyk.io/vuln/SNYK-PHP-CIVICRMCIVICRMCORE-5596755
CVE-2023-28709,CWE-400,https://security.snyk.io/vuln/SNYK-JAVA-ORGAPACHETOMCAT-5596752
CVE-2023-28709,CWE-400,https://security.snyk.io/vuln/SNYK-JAVA-ORGAPACHETOMCAT-5596754
CVE-2023-28709,CWE-400,https://security.snyk.io/vuln/SNYK-JAVA-ORGAPACHETOMCATEMBED-5596753
CVE-2023-31669,CWE-400,https://security.snyk.io/vuln/SNYK-UNMANAGED-WEBASSEMBLYWABT-5596751
CVE-2023-32679,N/A,https://security.snyk.io/vuln/SNYK-PHP-CRAFTCMSCMS-5595548
CVE-2023-33252,N/A,https://security.snyk.io/vuln/SNYK-JS-SNARKJS-5595568
CVE-2023-32691,CWE-208,https://security.snyk.io/vuln/SNYK-GOLANG-GITHUBCOMGINUERZHGOST-5595564
CVE-2023-32688,CWE-400,https://security.snyk.io/vuln/SNYK-JS-PARSEPUSHADAPTER-5595563
CVE-2023-32692,N/A,https://security.snyk.io/vuln/SNYK-PHP-CODEIGNITER4FRAMEWORK-5595551
CVE-2023-33185,CWE-918,https://security.snyk.io/vuln/SNYK-PYTHON-DJANGOSES-5595562
CVE-2023-30851,CWE-284,https://security.snyk.io/vuln/SNYK-GOLANG-GITHUBCOMCILIUMCILIUMPKGPOLICY-5595550
CVE-2023-32325,N/A,https://security.snyk.io/vuln/SNYK-JS-POSTHOGJS-5595549
CVE-2023-31058,CWE-502,https://security.snyk.io/vuln/SNYK-JAVA-ORGAPACHEINLONG-5595541
CVE-2023-31058,CWE-502,https://security.snyk.io/vuln/SNYK-JAVA-ORGAPACHEINLONG-5595542
CVE-2023-32681,CWE-200,https://security.snyk.io/vuln/SNYK-PYTHON-REQUESTS-5595532
CVE-2023-31454,CWE-732,https://security.snyk.io/vuln/SNYK-JAVA-ORGAPACHEINLONG-5595547
CVE-2023-31453,CWE-732,https://security.snyk.io/vuln/SNYK-JAVA-ORGAPACHEINLONG-5595545
CVE-2023-31453,CWE-732,https://security.snyk.io/vuln/SNYK-JAVA-ORGAPACHEINLONG-5595546
CVE-2023-31065,CWE-613,https://security.snyk.io/vuln/SNYK-JAVA-ORGAPACHEINLONG-5595543
CVE-2023-31065,CWE-613,https://security.snyk.io/vuln/SNYK-JAVA-ORGAPACHEINLONG-5595544
CVE-2023-31103,CWE-668,https://security.snyk.io/vuln/SNYK-JAVA-ORGAPACHEINLONG-5595537
CVE-2023-31103,CWE-668,https://security.snyk.io/vuln/SNYK-JAVA-ORGAPACHEINLONG-5595538
CVE-2023-31103,CWE-668,https://security.snyk.io/vuln/SNYK-JAVA-ORGAPACHEINLONG-5595539
CVE-2023-31103,CWE-668,https://security.snyk.io/vuln/SNYK-JAVA-ORGAPACHEINLONG-5595540
CVE-2023-31101,CWE-1188,https://security.snyk.io/vuln/SNYK-JAVA-ORGAPACHEINLONG-5595534
CVE-2023-31101,CWE-1188,https://security.snyk.io/vuln/SNYK-JAVA-ORGAPACHEINLONG-5595533
CVE-2023-31101,CWE-1188,https://security.snyk.io/vuln/SNYK-JAVA-ORGAPACHEINLONG-5595535
CVE-2023-31101,CWE-1188,https://security.snyk.io/vuln/SNYK-JAVA-ORGAPACHEINLONG-5595536
CVE-2023-2610,CWE-190,https://security.snyk.io/vuln/SNYK-UNMANAGED-VIMVIM-5595358
CVE-2023-32250,CWE-362,https://security.snyk.io/vuln/SNYK-UNMANAGED-TORVALDSLINUX-5595357
CVE-2023-33288,CWE-416,https://security.snyk.io/vuln/SNYK-UNMANAGED-TORVALDSLINUX-5595252
CVE-2023-2726,CWE-284,https://security.snyk.io/vuln/SNYK-UNMANAGED-CHROMIUM-5593871
CVE-2023-2721,CWE-416,https://security.snyk.io/vuln/SNYK-UNMANAGED-CHROMIUM-5593870
CVE-2023-2721,CWE-416,https://security.snyk.io/vuln/SNYK-JS-ELECTRON-5596903
CVE-2023-2725,CWE-416,https://security.snyk.io/vuln/SNYK-JS-ELECTRON-5596902
CVE-2023-2725,CWE-416,https://security.snyk.io/vuln/SNYK-UNMANAGED-CHROMIUM-5593869
CVE-2023-2724,CWE-843,https://security.snyk.io/vuln/SNYK-JS-ELECTRON-5596904
CVE-2023-2724,CWE-843,https://security.snyk.io/vuln/SNYK-UNMANAGED-CHROMIUM-5592958
CVE-2023-2723,CWE-416,https://security.snyk.io/vuln/SNYK-UNMANAGED-CHROMIUM-5592957
CVE-2023-2722,CWE-416,https://security.snyk.io/vuln/SNYK-UNMANAGED-CHROMIUM-5592956
CVE-2022-46377,CWE-823,https://security.snyk.io/vuln/SNYK-UNMANAGED-WESTONEMBEDDEDUCFTPS-5591198
CVE-2022-46378,CWE-823,https://security.snyk.io/vuln/SNYK-UNMANAGED-WESTONEMBEDDEDUCFTPS-5591197
CVE-2023-32668,CWE-453,https://security.snyk.io/vuln/SNYK-UNMANAGED-TEXLIVETEXLIVESOURCE-5591196
CVE-2023-32668,CWE-453,https://security.snyk.io/vuln/SNYK-UNMANAGED-TEXLIVELUATEX-5591195
CVE-2023-33264,CWE-255,https://security.snyk.io/vuln/SNYK-JAVA-COMHAZELCAST-5591146
N/A,CWE-120,https://security.snyk.io/vuln/SNYK-PYTHON-CRYPTOAUTHLIB-5591193
N/A,CWE-285,https://security.snyk.io/vuln/SNYK-PYTHON-DYNAMODBENCRYPTIONSDK-5591192
N/A,CWE-506,https://security.snyk.io/vuln/SNYK-PYTHON-PIPCRYPTADDONSV1-5591166
N/A,CWE-506,https://security.snyk.io/vuln/SNYK-PYTHON-PYTHONCOLOURLIBRARY-5591167
N/A,CWE-506,https://security.snyk.io/vuln/SNYK-PYTHON-PIPSQLITELIB-5591168
N/A,CWE-506,https://security.snyk.io/vuln/SNYK-PYTHON-SYSSQLILIB-5591169
N/A,CWE-506,https://security.snyk.io/vuln/SNYK-PYTHON-SYSFONTINGLIBV2-5591170
N/A,CWE-506,https://security.snyk.io/vuln/SNYK-PYTHON-PYCOLORINGEXTV1-5591171
N/A,CWE-506,https://security.snyk.io/vuln/SNYK-PYTHON-PYCOLORPACKAGESV2-5591172
N/A,CWE-506,https://security.snyk.io/vuln/SNYK-PYTHON-PIPSQLIEXT-5591173
N/A,CWE-506,https://security.snyk.io/vuln/SNYK-PYTHON-PYTHONSQLADDITIONV2-5591174
N/A,CWE-506,https://security.snyk.io/vuln/SNYK-PYTHON-SYSCOLORADDITIONV2-5591175
N/A,CWE-506,https://security.snyk.io/vuln/SNYK-PYTHON-PIPSQLIPKG-5591176
N/A,CWE-506,https://security.snyk.io/vuln/SNYK-PYTHON-PYTHONCOLORINGPACKAGEV1-5591177
N/A,CWE-506,https://security.snyk.io/vuln/SNYK-PYTHON-PYTHONCOLORINGADDONSV2-5591178
N/A,CWE-506,https://security.snyk.io/vuln/SNYK-PYTHON-PYTHONCOLOURINGSPACKAGESV1-5591179
N/A,CWE-506,https://security.snyk.io/vuln/SNYK-PYTHON-PYTHONCRYPTOGRAPHYEXTENSIONSV2-5591180
N/A,CWE-506,https://security.snyk.io/vuln/SNYK-PYTHON-PYTHONCOLORMODSV2-5591181
N/A,CWE-506,https://security.snyk.io/vuln/SNYK-PYTHON-PIPSQLITE3LIBERYV1-5591182
N/A,CWE-506,https://security.snyk.io/vuln/SNYK-PYTHON-PYCOLORKITV2-5591183
N/A,CWE-506,https://security.snyk.io/vuln/SNYK-PYTHON-PIPSQLITEDBEXT-5591184
N/A,CWE-506,https://security.snyk.io/vuln/SNYK-PYTHON-SYSSQLITE2EXTENSIONS-5591185
N/A,CWE-506,https://security.snyk.io/vuln/SNYK-PYTHON-PIPFONTINGMOD-5591186
N/A,CWE-506,https://security.snyk.io/vuln/SNYK-PYTHON-PYTHONCRYPTPKGSV2-5591187
N/A,CWE-506,https://security.snyk.io/vuln/SNYK-PYTHON-PYTHONCOLORADDONV2-5591188
N/A,CWE-506,https://security.snyk.io/vuln/SNYK-PYTHON-PYTHONSQLITEDBMODULES-5591189
N/A,CWE-506,https://security.snyk.io/vuln/SNYK-PYTHON-PYTHONSQLITEDBEXTV1-5591190
N/A,CWE-506,https://security.snyk.io/vuln/SNYK-PYTHON-PYTHONSQLITE2ADDITIONV1-5591191
N/A,CWE-506,https://security.snyk.io/vuln/SNYK-PYTHON-PIPCOLOURINGSMODULE-5591156
N/A,CWE-506,https://security.snyk.io/vuln/SNYK-PYTHON-PYTHONCOLOURINGPKGV1-5591157
N/A,CWE-506,https://security.snyk.io/vuln/SNYK-PYTHON-PYTHONSQLITELIBARYV1-5591158
N/A,CWE-506,https://security.snyk.io/vuln/SNYK-PYTHON-PIPSQLITE3LIBERYV2-5591159
N/A,CWE-506,https://security.snyk.io/vuln/SNYK-PYTHON-PYTHONSQLADDONV2-5591160
N/A,CWE-506,https://security.snyk.io/vuln/SNYK-PYTHON-PYSQLIPACKAGESV2-5591161
N/A,CWE-506,https://security.snyk.io/vuln/SNYK-PYTHON-PIPSQLITEPACKAGEV2-5591162
N/A,CWE-506,https://security.snyk.io/vuln/SNYK-PYTHON-SYSCOLOURINGLIBARY-5591163
N/A,CWE-506,https://security.snyk.io/vuln/SNYK-PYTHON-PYCOLORINGSADDITION-5591164
N/A,CWE-506,https://security.snyk.io/vuln/SNYK-PYTHON-PIPCRYPTMODULE-5591165
N/A,CWE-287,https://security.snyk.io/vuln/SNYK-PYTHON-FLASKSECURITYTOO-5591155
N/A,CWE-287,https://security.snyk.io/vuln/SNYK-PYTHON-FTPCLOUDFS-5591154
N/A,N/A,https://security.snyk.io/vuln/SNYK-PYTHON-INVENTREE-5591153
N/A,CWE-284,https://security.snyk.io/vuln/SNYK-PYTHON-HUGGINGFACEHUB-5591152
N/A,N/A,https://security.snyk.io/vuln/SNYK-PYTHON-INVENTREE-5591151
N/A,CWE-209,https://security.snyk.io/vuln/SNYK-PYTHON-NVFLARE-5591150
N/A,CWE-502,https://security.snyk.io/vuln/SNYK-PYTHON-BIGDL-5591149
N/A,CWE-470,https://security.snyk.io/vuln/SNYK-PYTHON-BIGDL-5591148
N/A,CWE-200,https://security.snyk.io/vuln/SNYK-PYTHON-PHOENIXWS-5591147
CVE-2023-2816,CWE-284,https://security.snyk.io/vuln/SNYK-GOLANG-GITHUBCOMHASHICORPCONSULENVOYEXTENSIONSEXTENSIONCOMMON-5591145
CVE-2023-2816,CWE-284,https://security.snyk.io/vuln/SNYK-GOLANG-GITHUBCOMHASHICORPCONSULAGENTENVOYEXTENSIONS-5591144
N/A,CWE-506,https://security.snyk.io/vuln/SNYK-PYTHON-INSTALLPYYAML-5591130
N/A,CWE-506,https://security.snyk.io/vuln/SNYK-PYTHON-SQLALCHEMYREQUESTS-5591131
N/A,CWE-506,https://security.snyk.io/vuln/SNYK-PYTHON-ARGSPYTHON-5591129
N/A,CWE-506,https://security.snyk.io/vuln/SNYK-PYTHON-BEAUTIFULSOUPSCIKITLEARN-5591132
N/A,CWE-506,https://security.snyk.io/vuln/SNYK-PYTHON-REQOS-5591133
N/A,CWE-506,https://security.snyk.io/vuln/SNYK-PYTHON-MATPLOTLIBREQ-5591134
N/A,CWE-506,https://security.snyk.io/vuln/SNYK-PYTHON-KERASBEAUTIFULSOUP-5591135
N/A,CWE-506,https://security.snyk.io/vuln/SNYK-PYTHON-PYTHONARG-5591084
N/A,CWE-506,https://security.snyk.io/vuln/SNYK-PYTHON-SELENIUMMATPLOTLIB-5591085
N/A,CWE-506,https://security.snyk.io/vuln/SNYK-PYTHON-PYLINTSYS-5591086
N/A,CWE-506,https://security.snyk.io/vuln/SNYK-PYTHON-PYTESTPANDAS-5591087
N/A,CWE-506,https://security.snyk.io/vuln/SNYK-PYTHON-ARGSPYTHON-5591088
N/A,CWE-506,https://security.snyk.io/vuln/SNYK-PYTHON-PYTHONARGSLOL-5591089
N/A,CWE-506,https://security.snyk.io/vuln/SNYK-PYTHON-PRINTPIP-5591090
N/A,CWE-506,https://security.snyk.io/vuln/SNYK-PYTHON-NAGOGY-5591091
N/A,CWE-506,https://security.snyk.io/vuln/SNYK-PYTHON-SYSSCIKITLEARN-5591092
N/A,CWE-506,https://security.snyk.io/vuln/SNYK-PYTHON-OPENCVKERAS-5591093
N/A,CWE-506,https://security.snyk.io/vuln/SNYK-PYTHON-PANDASNUMPY-5591094
N/A,CWE-506,https://security.snyk.io/vuln/SNYK-PYTHON-OSNUMPY-5591095
N/A,CWE-506,https://security.snyk.io/vuln/SNYK-PYTHON-PYLINTBEAUTIFULSOUP-5591096
N/A,CWE-506,https://security.snyk.io/vuln/SNYK-PYTHON-PYGAMEINSTALL-5591097
N/A,CWE-506,https://security.snyk.io/vuln/SNYK-PYTHON-PYYAMLSELENIUM-5591098
N/A,CWE-506,https://security.snyk.io/vuln/SNYK-PYTHON-NUMPYSELENIUM-5591099
N/A,CWE-506,https://security.snyk.io/vuln/SNYK-PYTHON-INSTALLPYTEST-5591100
N/A,CWE-506,https://security.snyk.io/vuln/SNYK-PYTHON-INSTALLCRYPTO-5591101
N/A,CWE-506,https://security.snyk.io/vuln/SNYK-PYTHON-SYSSELENIUM-5591102
N/A,CWE-506,https://security.snyk.io/vuln/SNYK-PYTHON-CRYPTOPYGAME-5591103
N/A,CWE-506,https://security.snyk.io/vuln/SNYK-PYTHON-MATPLOTLIBREQUESTS-5591104
N/A,CWE-506,https://security.snyk.io/vuln/SNYK-PYTHON-PYGAMEPYTORCH-5591105
N/A,CWE-506,https://security.snyk.io/vuln/SNYK-PYTHON-PYTORCHPANDAS-5591106
N/A,CWE-506,https://security.snyk.io/vuln/SNYK-PYTHON-REQMATPLOTLIB-5591107
N/A,CWE-506,https://security.snyk.io/vuln/SNYK-PYTHON-REQUESTSPANDAS-5591108
N/A,CWE-506,https://security.snyk.io/vuln/SNYK-PYTHON-PRINTREQUESTS-5591109
N/A,CWE-506,https://security.snyk.io/vuln/SNYK-PYTHON-MATPLOTLIBFLASK-5591110
N/A,CWE-506,https://security.snyk.io/vuln/SNYK-PYTHON-PRINTF-5591111
N/A,CWE-506,https://security.snyk.io/vuln/SNYK-PYTHON-REQINSTALLER-5591112
N/A,CWE-506,https://security.snyk.io/vuln/SNYK-PYTHON-PYTORCHPYGAME-5591113
N/A,CWE-506,https://security.snyk.io/vuln/SNYK-PYTHON-DJANGOPYYAML-5591114
N/A,CWE-506,https://security.snyk.io/vuln/SNYK-PYTHON-PRINTDJANGO-5591115
N/A,CWE-506,https://security.snyk.io/vuln/SNYK-PYTHON-SCIKITLEARNMATPLOTLIB-5591116
N/A,CWE-506,https://security.snyk.io/vuln/SNYK-PYTHON-MATPLOTLIBSQLALCHEMY-5591117
N/A,CWE-506,https://security.snyk.io/vuln/SNYK-PYTHON-BEAUTIFULSOUPNUMPY-5591118
N/A,CWE-506,https://security.snyk.io/vuln/SNYK-PYTHON-REQUESTSFLASK-5591119
N/A,CWE-506,https://security.snyk.io/vuln/SNYK-PYTHON-PYLINTPY-5591120
N/A,CWE-506,https://security.snyk.io/vuln/SNYK-PYTHON-KERASARG-5591121
N/A,CWE-506,https://security.snyk.io/vuln/SNYK-PYTHON-PYGAMEPRINT-5591122
N/A,CWE-506,https://security.snyk.io/vuln/SNYK-PYTHON-SQLALCHEMYOS-5591123
N/A,CWE-506,https://security.snyk.io/vuln/SNYK-PYTHON-INSTALLPIPPYTHON-5591124
N/A,CWE-506,https://security.snyk.io/vuln/SNYK-PYTHON-DOWNRUN-5591125
N/A,CWE-506,https://security.snyk.io/vuln/SNYK-PYTHON-SQLALCHEMYINSTALL-5591126
N/A,CWE-506,https://security.snyk.io/vuln/SNYK-PYTHON-BEAUTIFULSOUPREQUESTS-5591127
N/A,CWE-506,https://security.snyk.io/vuln/SNYK-PYTHON-REQFLASK-5591128
N/A,CWE-400,https://security.snyk.io/vuln/SNYK-PYTHON-CAIRORSPY-5591083
N/A,CWE-400,https://security.snyk.io/vuln/SNYK-PYTHON-POD5-5591081
N/A,CWE-400,https://security.snyk.io/vuln/SNYK-UNMANAGED-NANOPORETECHPOD5FILEFORMAT-5591082
N/A,N/A,https://security.snyk.io/vuln/SNYK-PYTHON-BRDS-5591080
N/A,N/A,https://security.snyk.io/vuln/SNYK-PYTHON-BIGDL-5591079
N/A,N/A,https://security.snyk.io/vuln/SNYK-PYTHON-BIGDL-5591078
N/A,CWE-284,https://security.snyk.io/vuln/SNYK-PYTHON-AMUNDSENFRONTEND-5591077
N/A,N/A,https://security.snyk.io/vuln/SNYK-PYTHON-AFDKO-5591076
CVE-2023-32700,N/A,https://security.snyk.io/vuln/SNYK-UNMANAGED-TEXLIVETEXLIVESOURCE-5591075
CVE-2023-32700,N/A,https://security.snyk.io/vuln/SNYK-UNMANAGED-TEXLIVELUATEX-5591074
CVE-2023-32675,CWE-284,https://security.snyk.io/vuln/SNYK-PYTHON-VYPER-5591073
CVE-2023-20883,CWE-400,https://security.snyk.io/vuln/SNYK-JAVA-ORGSPRINGFRAMEWORKBOOT-5564390
CVE-2022-42336,CWE-120,https://security.snyk.io/vuln/SNYK-UNMANAGED-XEN-5563882
CVE-2023-31723,CWE-400,https://security.snyk.io/vuln/SNYK-UNMANAGED-YASMYASM-5563881
CVE-2023-31724,CWE-400,https://security.snyk.io/vuln/SNYK-UNMANAGED-YASMYASM-5563880
CVE-2023-32097,N/A,https://security.snyk.io/vuln/SNYK-UNMANAGED-SILICONLABSGECKOSDK-5563879
CVE-2023-32099,N/A,https://security.snyk.io/vuln/SNYK-UNMANAGED-SILICONLABSGECKOSDK-5563878
CVE-2023-28320,CWE-662,https://security.snyk.io/vuln/SNYK-UNMANAGED-CURL-5563877
CVE-2023-32096,N/A,https://security.snyk.io/vuln/SNYK-UNMANAGED-SILICONLABSGECKOSDK-5563759
CVE-2023-31725,CWE-416,https://security.snyk.io/vuln/SNYK-UNMANAGED-YASMYASM-5563758
CVE-2023-32098,N/A,https://security.snyk.io/vuln/SNYK-UNMANAGED-SILICONLABSGECKOSDK-5563757
CVE-2023-32100,N/A,https://security.snyk.io/vuln/SNYK-UNMANAGED-SILICONLABSGECKOSDK-5563756
CVE-2023-28321,CWE-295,https://security.snyk.io/vuln/SNYK-UNMANAGED-CURL-5563755
CVE-2023-2731,CWE-476,https://security.snyk.io/vuln/SNYK-UNMANAGED-LIBTIFF-5563754
CVE-2023-2481,N/A,https://security.snyk.io/vuln/SNYK-UNMANAGED-SILICONLABSGECKOSDK-5563753
CVE-2023-1132,N/A,https://security.snyk.io/vuln/SNYK-UNMANAGED-SILICONLABSGECKOSDK-5563752
CVE-2023-0965,N/A,https://security.snyk.io/vuln/SNYK-UNMANAGED-SILICONLABSGECKOSDK-5563751
CVE-2023-2804,CWE-125,https://security.snyk.io/vuln/SNYK-UNMANAGED-LIBJPEGTURBO-5563750
CVE-2023-23759,CWE-617,https://security.snyk.io/vuln/SNYK-UNMANAGED-FACEBOOKINCUBATORFIZZ-5563749
CVE-2023-32784,CWE-200,https://security.snyk.io/vuln/SNYK-UNMANAGED-KEEPASS-5563748
CVE-2023-32373,CWE-416,https://security.snyk.io/vuln/SNYK-UNMANAGED-WEBKITGTK-5563747
CVE-2023-28204,CWE-125,https://security.snyk.io/vuln/SNYK-UNMANAGED-WEBKITGTK-5563746
CVE-2023-32409,CWE-265,https://security.snyk.io/vuln/SNYK-UNMANAGED-WEBKITGTK-5563745
CVE-2023-1601,CWE-120,https://security.snyk.io/vuln/SNYK-UNMANAGED-QEMUPROJECTQEMU-5563744
CVE-2023-28753,CWE-122,https://security.snyk.io/vuln/SNYK-UNMANAGED-FACEBOOKNETCONSD-5563743
CVE-2023-24805,N/A,https://security.snyk.io/vuln/SNYK-UNMANAGED-OPENPRINTINGCUPSFILTERS-5563742
CVE-2023-33204,CWE-400,https://security.snyk.io/vuln/SNYK-UNMANAGED-SYSSTATSYSSTAT-5563741
CVE-2023-28322,CWE-440,https://security.snyk.io/vuln/SNYK-UNMANAGED-CURL-5563740
CVE-2023-33203,CWE-416,https://security.snyk.io/vuln/SNYK-UNMANAGED-TORVALDSLINUX-5563739
CVE-2023-30470,CWE-416,https://security.snyk.io/vuln/SNYK-UNMANAGED-FACEBOOKHERMES-5563738
CVE-2023-28081,CWE-416,https://security.snyk.io/vuln/SNYK-UNMANAGED-FACEBOOKHERMES-5563737
CVE-2023-25933,CWE-843,https://security.snyk.io/vuln/SNYK-UNMANAGED-FACEBOOKHERMES-5563736
CVE-2023-24833,CWE-125,https://security.snyk.io/vuln/SNYK-UNMANAGED-FACEBOOKHERMES-5563735
CVE-2023-24832,CWE-476,https://security.snyk.io/vuln/SNYK-UNMANAGED-FACEBOOKHERMES-5563631
CVE-2023-23557,CWE-843,https://security.snyk.io/vuln/SNYK-UNMANAGED-FACEBOOKHERMES-5563630
CVE-2023-23556,CWE-787,https://security.snyk.io/vuln/SNYK-UNMANAGED-FACEBOOKHERMES-5563629
CVE-2023-2800,CWE-377,https://security.snyk.io/vuln/SNYK-PYTHON-TRANSFORMERS-5563628
CVE-2023-2789,CWE-404,https://security.snyk.io/vuln/SNYK-UNMANAGED-CFLOW-5563117
CVE-2023-31135,CWE-307,https://security.snyk.io/vuln/SNYK-GOLANG-GITHUBCOMDGRAPHIODGRAPH-5562075
CVE-2023-26044,CWE-400,https://security.snyk.io/vuln/SNYK-PHP-REACTHTTP-5562076
CVE-2023-30124,N/A,https://security.snyk.io/vuln/SNYK-PHP-LAVALITECMS-5561967
CVE-2019-25137,N/A,https://security.snyk.io/vuln/SNYK-DOTNET-UMBRACOCMS-5561966
CVE-2021-27131,N/A,https://security.snyk.io/vuln/SNYK-PHP-MOODLEMOODLE-5539014
CVE-2023-2780,N/A,https://security.snyk.io/vuln/SNYK-PYTHON-MLFLOW-5561964
CVE-2023-28319,CWE-416,https://security.snyk.io/vuln/SNYK-UNMANAGED-CURL-5561965
CVE-2023-32985,N/A,https://security.snyk.io/vuln/SNYK-JAVA-ORGJENKINSCIPLUGINS-5539015
CVE-2023-33003,CWE-284,https://security.snyk.io/vuln/SNYK-JAVA-ORGJENKINSCIPLUGINS-5539013
CVE-2023-2195,CWE-352,https://security.snyk.io/vuln/SNYK-JAVA-ORGJENKINSCIPLUGINS-5539012
CVE-2023-33000,CWE-255,https://security.snyk.io/vuln/SNYK-JAVA-IOJENKINSPLUGINS-5539011
CVE-2023-2756,N/A,https://security.snyk.io/vuln/SNYK-PHP-PIMCORECUSTOMERMANAGEMENTFRAMEWORKBUNDLE-5539010
CVE-2023-2632,CWE-255,https://security.snyk.io/vuln/SNYK-JAVA-ORGJENKINSCIPLUGINS-5539009
CVE-2023-2196,CWE-284,https://security.snyk.io/vuln/SNYK-JAVA-ORGJENKINSCIPLUGINS-5539008
CVE-2023-32982,CWE-255,https://security.snyk.io/vuln/SNYK-JAVA-ORGJENKINSCIPLUGINS-5539007
CVE-2023-32997,CWE-384,https://security.snyk.io/vuln/SNYK-JAVA-ORGJENKINSCIPLUGINS-5539006
CVE-2023-32978,CWE-352,https://security.snyk.io/vuln/SNYK-JAVA-ORGJENKINSCIPLUGINS-5539005
CVE-2023-32986,CWE-284,https://security.snyk.io/vuln/SNYK-JAVA-IOJENKINSPLUGINS-5539004
CVE-2023-32983,CWE-255,https://security.snyk.io/vuln/SNYK-JAVA-ORGJENKINSCIPLUGINS-5539003
CVE-2023-32977,N/A,https://security.snyk.io/vuln/SNYK-JAVA-ORGJENKINSCIPLUGINSWORKFLOW-5539002
CVE-2023-32992,CWE-611,https://security.snyk.io/vuln/SNYK-JAVA-IOJENKINSPLUGINS-5539001
CVE-2023-32979,CWE-284,https://security.snyk.io/vuln/SNYK-JAVA-ORGJENKINSCIPLUGINS-5539000
CVE-2023-32984,N/A,https://security.snyk.io/vuln/SNYK-JAVA-ORGJENKINSCIPLUGINS-5538999
CVE-2023-32999,CWE-352,https://security.snyk.io/vuln/SNYK-JAVA-COMRAPID7-5538915
CVE-2023-33001,CWE-255,https://security.snyk.io/vuln/SNYK-JAVA-COMDATAPIPEJENKINSPLUGINS-5538786
CVE-2023-33002,N/A,https://security.snyk.io/vuln/SNYK-JAVA-ORGJENKINSCIPLUGINS-5538785
CVE-2023-32987,CWE-352,https://security.snyk.io/vuln/SNYK-JAVA-ORGJENKINSCIPLUGINS-5538784
CVE-2023-32980,CWE-352,https://security.snyk.io/vuln/SNYK-JAVA-ORGJENKINSCIPLUGINS-5538783
CVE-2023-32993,CWE-300,https://security.snyk.io/vuln/SNYK-JAVA-IOJENKINSPLUGINS-5538782
CVE-2023-33006,CWE-352,https://security.snyk.io/vuln/SNYK-JAVA-ORGJENKINSCIPLUGINS-5538781
CVE-2023-32988,CWE-284,https://security.snyk.io/vuln/SNYK-JAVA-ORGJENKINSCIPLUGINS-5538780
CVE-2023-33005,CWE-384,https://security.snyk.io/vuln/SNYK-JAVA-IOJENKINSPLUGINS-5538779
CVE-2023-32995,CWE-352,https://security.snyk.io/vuln/SNYK-JAVA-IOJENKINSPLUGINS-5538778
CVE-2023-32994,CWE-295,https://security.snyk.io/vuln/SNYK-JAVA-IOJENKINSPLUGINS-5538777
CVE-2023-32989,CWE-352,https://security.snyk.io/vuln/SNYK-JAVA-ORGJENKINSCIPLUGINS-5538776
CVE-2023-33007,N/A,https://security.snyk.io/vuln/SNYK-JAVA-ORGJENKINSCIPLUGINS-5538775
CVE-2023-31890,CWE-776,https://security.snyk.io/vuln/SNYK-JAVA-COMGLAZEDLISTS-5538774
CVE-2023-2752,N/A,https://security.snyk.io/vuln/SNYK-PHP-THORSTENPHPMYFAQ-5538773
CVE-2023-2753,N/A,https://security.snyk.io/vuln/SNYK-PHP-THORSTENPHPMYFAQ-5538772
CVE-2023-2745,N/A,https://security.snyk.io/vuln/SNYK-PHP-JOHNPBLOCHWORDPRESSCORE-5538771
CVE-2023-2745,N/A,https://security.snyk.io/vuln/SNYK-PHP-JOHNPBLOCHWORDPRESS-5538770
CVE-2023-29159,N/A,https://security.snyk.io/vuln/SNYK-PYTHON-STARLETTE-5538332
CVE-2023-32981,N/A,https://security.snyk.io/vuln/SNYK-JAVA-ORGJENKINSCIPLUGINS-5538333
CVE-2023-32991,CWE-352,https://security.snyk.io/vuln/SNYK-JAVA-IOJENKINSPLUGINS-5538331
CVE-2023-31544,N/A,https://security.snyk.io/vuln/SNYK-JAVA-ORGOPENCMS-5538330
CVE-2023-28370,CWE-601,https://security.snyk.io/vuln/SNYK-PYTHON-TORNADO-5537286
CVE-2023-31631,CWE-400,https://security.snyk.io/vuln/SNYK-UNMANAGED-OPENLINKVIRTUOSOOPENSOURCE-5537317
CVE-2023-31629,CWE-400,https://security.snyk.io/vuln/SNYK-UNMANAGED-OPENLINKVIRTUOSOOPENSOURCE-5537316
CVE-2023-31621,CWE-400,https://security.snyk.io/vuln/SNYK-UNMANAGED-OPENLINKVIRTUOSOOPENSOURCE-5537315
CVE-2023-31630,CWE-400,https://security.snyk.io/vuln/SNYK-UNMANAGED-OPENLINKVIRTUOSOOPENSOURCE-5537314
CVE-2023-31628,CWE-400,https://security.snyk.io/vuln/SNYK-UNMANAGED-OPENLINKVIRTUOSOOPENSOURCE-5537313
CVE-2023-31619,CWE-400,https://security.snyk.io/vuln/SNYK-UNMANAGED-OPENLINKVIRTUOSOOPENSOURCE-5537312
CVE-2023-31618,CWE-400,https://security.snyk.io/vuln/SNYK-UNMANAGED-OPENLINKVIRTUOSOOPENSOURCE-5537311
CVE-2023-31615,CWE-400,https://security.snyk.io/vuln/SNYK-UNMANAGED-OPENLINKVIRTUOSOOPENSOURCE-5537310
CVE-2023-31625,CWE-400,https://security.snyk.io/vuln/SNYK-UNMANAGED-OPENLINKVIRTUOSOOPENSOURCE-5537309
CVE-2023-31624,CWE-400,https://security.snyk.io/vuln/SNYK-UNMANAGED-OPENLINKVIRTUOSOOPENSOURCE-5537308
CVE-2023-31614,CWE-400,https://security.snyk.io/vuln/SNYK-UNMANAGED-OPENLINKVIRTUOSOOPENSOURCE-5537307
CVE-2023-31620,CWE-400,https://security.snyk.io/vuln/SNYK-UNMANAGED-OPENLINKVIRTUOSOOPENSOURCE-5537306
CVE-2023-31613,CWE-400,https://security.snyk.io/vuln/SNYK-UNMANAGED-OPENLINKVIRTUOSOOPENSOURCE-5537305
CVE-2023-31627,CWE-400,https://security.snyk.io/vuln/SNYK-UNMANAGED-OPENLINKVIRTUOSOOPENSOURCE-5537304
CVE-2023-31612,CWE-400,https://security.snyk.io/vuln/SNYK-UNMANAGED-OPENLINKVIRTUOSOOPENSOURCE-5537303
CVE-2023-31623,CWE-400,https://security.snyk.io/vuln/SNYK-UNMANAGED-OPENLINKVIRTUOSOOPENSOURCE-5537302
CVE-2023-31622,CWE-400,https://security.snyk.io/vuln/SNYK-UNMANAGED-OPENLINKVIRTUOSOOPENSOURCE-5537301
CVE-2023-31611,CWE-400,https://security.snyk.io/vuln/SNYK-UNMANAGED-OPENLINKVIRTUOSOOPENSOURCE-5537300
CVE-2023-31626,CWE-400,https://security.snyk.io/vuln/SNYK-UNMANAGED-OPENLINKVIRTUOSOOPENSOURCE-5537299
CVE-2023-31609,CWE-400,https://security.snyk.io/vuln/SNYK-UNMANAGED-OPENLINKVIRTUOSOOPENSOURCE-5537298
CVE-2023-31608,CWE-400,https://security.snyk.io/vuln/SNYK-UNMANAGED-OPENLINKVIRTUOSOOPENSOURCE-5537297
CVE-2023-31610,CWE-400,https://security.snyk.io/vuln/SNYK-UNMANAGED-OPENLINKVIRTUOSOOPENSOURCE-5537296
CVE-2023-31617,CWE-400,https://security.snyk.io/vuln/SNYK-UNMANAGED-OPENLINKVIRTUOSOOPENSOURCE-5537295
CVE-2023-31616,CWE-400,https://security.snyk.io/vuln/SNYK-UNMANAGED-OPENLINKVIRTUOSOOPENSOURCE-5537294
CVE-2023-31607,CWE-400,https://security.snyk.io/vuln/SNYK-UNMANAGED-OPENLINKVIRTUOSOOPENSOURCE-5537293
CVE-2023-1729,CWE-122,https://security.snyk.io/vuln/SNYK-UNMANAGED-LIBRAW-5537292
CVE-2023-32787,CWE-400,https://security.snyk.io/vuln/SNYK-JAVA-ORGOPCFOUNDATIONUA-5537285
CVE-2023-32309,N/A,https://security.snyk.io/vuln/SNYK-PYTHON-PYMDOWNEXTENSIONS-5537103
CVE-2023-32314,CWE-265,https://security.snyk.io/vuln/SNYK-JAVA-ORGWEBJARSNPM-5537101
CVE-2023-32314,CWE-265,https://security.snyk.io/vuln/SNYK-JS-VM2-5537100
CVE-2023-32068,CWE-601,https://security.snyk.io/vuln/SNYK-JAVA-ORGXWIKIPLATFORM-5537102
N/A,CWE-506,https://security.snyk.io/vuln/SNYK-JS-CUSTOMVITALSHIELD-5537099
N/A,CWE-506,https://security.snyk.io/vuln/SNYK-JS-GROUPEDCONTENT-5537098
N/A,CWE-506,https://security.snyk.io/vuln/SNYK-JS-APLVIEWHOSTWEB-5537097
N/A,CWE-506,https://security.snyk.io/vuln/SNYK-JS-LEXICALUTILS-5537096
N/A,CWE-506,https://security.snyk.io/vuln/SNYK-JS-BLUEBOOSTERLIBS-5537095
N/A,CWE-506,https://security.snyk.io/vuln/SNYK-JS-TESTSFINAL-5537094
N/A,CWE-506,https://security.snyk.io/vuln/SNYK-JS-EPICDIESEL-5537093
N/A,CWE-506,https://security.snyk.io/vuln/SNYK-JS-LEXICALHISTORY-5537092
N/A,CWE-506,https://security.snyk.io/vuln/SNYK-JS-BJOERNBGHELLO-5537091
N/A,CWE-506,https://security.snyk.io/vuln/SNYK-JS-STRIPEDEEPDUPTREE-5537090
N/A,CWE-506,https://security.snyk.io/vuln/SNYK-JS-STRIPEDEEPDUP-5537089
N/A,CWE-506,https://security.snyk.io/vuln/SNYK-JS-LEXICALPLAINTEXT-5537088
N/A,CWE-506,https://security.snyk.io/vuln/SNYK-JS-LEXICALSELECTION-5537087
N/A,CWE-506,https://security.snyk.io/vuln/SNYK-JS-STRIPEDEEPDEEP-5537086
N/A,CWE-506,https://security.snyk.io/vuln/SNYK-JS-LEXICALCLIPBOARD-5537085
N/A,CWE-506,https://security.snyk.io/vuln/SNYK-JS-PARSINGUTILS-5537084
N/A,CWE-506,https://security.snyk.io/vuln/SNYK-JS-LEXICALTEXT-5537083
N/A,CWE-506,https://security.snyk.io/vuln/SNYK-JS-LEXICALDRAGON-5537082
N/A,CWE-506,https://security.snyk.io/vuln/SNYK-JS-USELEXICALEDITABLE-5537081
CVE-2023-32313,N/A,https://security.snyk.io/vuln/SNYK-JAVA-ORGWEBJARSNPM-5537080
CVE-2023-32313,N/A,https://security.snyk.io/vuln/SNYK-JS-VM2-5537079
CVE-2022-41985,CWE-303,https://security.snyk.io/vuln/SNYK-UNMANAGED-WESTONEMBEDDEDUCFTPS-5535053
CVE-2022-47937,N/A,https://security.snyk.io/vuln/SNYK-JAVA-ORGAPACHESLING-5535052
N/A,N/A,https://security.snyk.io/vuln/SNYK-PYTHON-DJANGOIDOM-5534571
CVE-2023-31556,CWE-121,https://security.snyk.io/vuln/SNYK-UNMANAGED-PODOFO-5534570
CVE-2023-31568,CWE-122,https://security.snyk.io/vuln/SNYK-UNMANAGED-PODOFO-5534569
CVE-2023-31566,CWE-416,https://security.snyk.io/vuln/SNYK-UNMANAGED-PODOFO-5534568
CVE-2023-2663,CWE-121,https://security.snyk.io/vuln/SNYK-UNMANAGED-XPDFREADER-5534567
CVE-2023-31554,CWE-121,https://security.snyk.io/vuln/SNYK-UNMANAGED-XPDFREADER-5534566
CVE-2023-2664,CWE-121,https://security.snyk.io/vuln/SNYK-UNMANAGED-XPDFREADER-5534565
CVE-2023-31557,CWE-121,https://security.snyk.io/vuln/SNYK-UNMANAGED-XPDFREADER-5534564
CVE-2023-32758,CWE-1333,https://security.snyk.io/vuln/SNYK-PYTHON-GITURLPARSE-5534563
CVE-2023-2700,CWE-401,https://security.snyk.io/vuln/SNYK-UNMANAGED-LIBVIRT-5534562
CVE-2023-31922,CWE-120,https://security.snyk.io/vuln/SNYK-UNMANAGED-BELLARDQUICKJS-5534553
CVE-2023-2680,CWE-416,https://security.snyk.io/vuln/SNYK-UNMANAGED-QEMUPROJECTQEMU-5534552
CVE-2023-2458,CWE-416,https://security.snyk.io/vuln/SNYK-UNMANAGED-CHROMIUM-5534551
CVE-2023-2457,CWE-787,https://security.snyk.io/vuln/SNYK-UNMANAGED-CHROMIUM-5534550
CVE-2023-2088,CWE-440,https://security.snyk.io/vuln/SNYK-PYTHON-CINDER-5534549
CVE-2023-28936,CWE-697,https://security.snyk.io/vuln/SNYK-JAVA-ORGAPACHEOPENMEETINGS-5534548
CVE-2023-2514,CWE-200,https://security.snyk.io/vuln/SNYK-GOLANG-GITHUBCOMMATTERMOSTMATTERMOSTSERVER-5534547
CVE-2023-27238,CWE-350,https://security.snyk.io/vuln/SNYK-PHP-LAVALITECMS-5534546
CVE-2023-31918,CWE-400,https://security.snyk.io/vuln/SNYK-UNMANAGED-JERRYSCRIPTPROJECTJERRYSCRIPT-5534545
CVE-2023-31914,CWE-119,https://security.snyk.io/vuln/SNYK-UNMANAGED-JERRYSCRIPTPROJECTJERRYSCRIPT-5534544
CVE-2023-31916,CWE-400,https://security.snyk.io/vuln/SNYK-UNMANAGED-JERRYSCRIPTPROJECTJERRYSCRIPT-5534543
CVE-2023-31919,CWE-400,https://security.snyk.io/vuln/SNYK-UNMANAGED-JERRYSCRIPTPROJECTJERRYSCRIPT-5534542
CVE-2023-31913,CWE-400,https://security.snyk.io/vuln/SNYK-UNMANAGED-JERRYSCRIPTPROJECTJERRYSCRIPT-5534541
CVE-2023-31920,CWE-400,https://security.snyk.io/vuln/SNYK-UNMANAGED-JERRYSCRIPTPROJECTJERRYSCRIPT-5534540
CVE-2023-31921,CWE-400,https://security.snyk.io/vuln/SNYK-UNMANAGED-JERRYSCRIPTPROJECTJERRYSCRIPT-5534539
N/A,CWE-295,https://security.snyk.io/vuln/SNYK-JAVA-COMCLICKHOUSE-5534535
N/A,CWE-295,https://security.snyk.io/vuln/SNYK-JAVA-COMCLICKHOUSE-5534538
N/A,CWE-295,https://security.snyk.io/vuln/SNYK-JAVA-COMCLICKHOUSE-5534536
